FileAndPath,Filename,Cluster
f:/Project_FacialReenactmentOutputs/Actor_12/FacesOut_2021_12_26_HR_21//Actor_12_Image_0188.jpg,Actor_12_Image_0188.jpg,0
f:/Project_FacialReenactmentOutputs/Actor_12/FacesOut_2021_12_26_HR_21//Actor_12_Image_0261.jpg,Actor_12_Image_0261.jpg,0
f:/Project_FacialReenactmentOutputs/Actor_12/FacesOut_2021_12_26_HR_21//Actor_12_Image_0262.jpg,Actor_12_Image_0262.jpg,0
f:/Project_FacialReenactmentOutputs/Actor_12/FacesOut_2021_12_26_HR_21//Actor_12_Image_0263.jpg,Actor_12_Image_0263.jpg,0
f:/Project_FacialReenactmentOutputs/Actor_12/FacesOut_2021_12_26_HR_21//Actor_12_Image_0296.jpg,Actor_12_Image_0296.jpg,0
f:/Project_FacialReenactmentOutputs/Actor_12/FacesOut_2021_12_26_HR_21//Actor_12_Image_0297.jpg,Actor_12_Image_0297.jpg,0
f:/Project_FacialReenactmentOutputs/Actor_12/FacesOut_2021_12_26_HR_21//Actor_12_Image_0298.jpg,Actor_12_Image_0298.jpg,0
f:/Project_FacialReenactmentOutputs/Actor_12/FacesOut_2021_12_26_HR_21//Actor_12_Image_0509.jpg,Actor_12_Image_0509.jpg,0
f:/Project_FacialReenactmentOutputs/Actor_12/FacesOut_2021_12_26_HR_21//Actor_12_Image_0582.jpg,Actor_12_Image_0582.jpg,0
f:/Project_FacialReenactmentOutputs/Actor_12/FacesOut_2021_12_26_HR_21//Actor_12_Image_0583.jpg,Actor_12_Image_0583.jpg,0
f:/Project_FacialReenactmentOutputs/Actor_12/FacesOut_2021_12_26_HR_21//Actor_12_Image_0584.jpg,Actor_12_Image_0584.jpg,0
f:/Project_FacialReenactmentOutputs/Actor_12/FacesOut_2021_12_26_HR_21//Actor_12_Image_0617.jpg,Actor_12_Image_0617.jpg,0
f:/Project_FacialReenactmentOutputs/Actor_12/FacesOut_2021_12_26_HR_21//Actor_12_Image_0618.jpg,Actor_12_Image_0618.jpg,0
f:/Project_FacialReenactmentOutputs/Actor_12/FacesOut_2021_12_26_HR_21//Actor_12_Image_0619.jpg,Actor_12_Image_0619.jpg,0
f:/Project_FacialReenactmentOutputs/Actor_12/FacesOut_2021_12_26_HR_21//Actor_12_Image_0064.jpg,Actor_12_Image_0064.jpg,1
f:/Project_FacialReenactmentOutputs/Actor_12/FacesOut_2021_12_26_HR_21//Actor_12_Image_0108.jpg,Actor_12_Image_0108.jpg,1
f:/Project_FacialReenactmentOutputs/Actor_12/FacesOut_2021_12_26_HR_21//Actor_12_Image_0150.jpg,Actor_12_Image_0150.jpg,1
f:/Project_FacialReenactmentOutputs/Actor_12/FacesOut_2021_12_26_HR_21//Actor_12_Image_0151.jpg,Actor_12_Image_0151.jpg,1
f:/Project_FacialReenactmentOutputs/Actor_12/FacesOut_2021_12_26_HR_21//Actor_12_Image_0183.jpg,Actor_12_Image_0183.jpg,1
f:/Project_FacialReenactmentOutputs/Actor_12/FacesOut_2021_12_26_HR_21//Actor_12_Image_0184.jpg,Actor_12_Image_0184.jpg,1
f:/Project_FacialReenactmentOutputs/Actor_12/FacesOut_2021_12_26_HR_21//Actor_12_Image_0208.jpg,Actor_12_Image_0208.jpg,1
f:/Project_FacialReenactmentOutputs/Actor_12/FacesOut_2021_12_26_HR_21//Actor_12_Image_0211.jpg,Actor_12_Image_0211.jpg,1
f:/Project_FacialReenactmentOutputs/Actor_12/FacesOut_2021_12_26_HR_21//Actor_12_Image_0225.jpg,Actor_12_Image_0225.jpg,1
f:/Project_FacialReenactmentOutputs/Actor_12/FacesOut_2021_12_26_HR_21//Actor_12_Image_0226.jpg,Actor_12_Image_0226.jpg,1
f:/Project_FacialReenactmentOutputs/Actor_12/FacesOut_2021_12_26_HR_21//Actor_12_Image_0243.jpg,Actor_12_Image_0243.jpg,1
f:/Project_FacialReenactmentOutputs/Actor_12/FacesOut_2021_12_26_HR_21//Actor_12_Image_0244.jpg,Actor_12_Image_0244.jpg,1
f:/Project_FacialReenactmentOutputs/Actor_12/FacesOut_2021_12_26_HR_21//Actor_12_Image_0253.jpg,Actor_12_Image_0253.jpg,1
f:/Project_FacialReenactmentOutputs/Actor_12/FacesOut_2021_12_26_HR_21//Actor_12_Image_0254.jpg,Actor_12_Image_0254.jpg,1
f:/Project_FacialReenactmentOutputs/Actor_12/FacesOut_2021_12_26_HR_21//Actor_12_Image_0255.jpg,Actor_12_Image_0255.jpg,1
f:/Project_FacialReenactmentOutputs/Actor_12/FacesOut_2021_12_26_HR_21//Actor_12_Image_0267.jpg,Actor_12_Image_0267.jpg,1
f:/Project_FacialReenactmentOutputs/Actor_12/FacesOut_2021_12_26_HR_21//Actor_12_Image_0299.jpg,Actor_12_Image_0299.jpg,1
f:/Project_FacialReenactmentOutputs/Actor_12/FacesOut_2021_12_26_HR_21//Actor_12_Image_0302.jpg,Actor_12_Image_0302.jpg,1
f:/Project_FacialReenactmentOutputs/Actor_12/FacesOut_2021_12_26_HR_21//Actor_12_Image_0306.jpg,Actor_12_Image_0306.jpg,1
f:/Project_FacialReenactmentOutputs/Actor_12/FacesOut_2021_12_26_HR_21//Actor_12_Image_0307.jpg,Actor_12_Image_0307.jpg,1
f:/Project_FacialReenactmentOutputs/Actor_12/FacesOut_2021_12_26_HR_21//Actor_12_Image_0308.jpg,Actor_12_Image_0308.jpg,1
f:/Project_FacialReenactmentOutputs/Actor_12/FacesOut_2021_12_26_HR_21//Actor_12_Image_0309.jpg,Actor_12_Image_0309.jpg,1
f:/Project_FacialReenactmentOutputs/Actor_12/FacesOut_2021_12_26_HR_21//Actor_12_Image_0385.jpg,Actor_12_Image_0385.jpg,1
f:/Project_FacialReenactmentOutputs/Actor_12/FacesOut_2021_12_26_HR_21//Actor_12_Image_0429.jpg,Actor_12_Image_0429.jpg,1
f:/Project_FacialReenactmentOutputs/Actor_12/FacesOut_2021_12_26_HR_21//Actor_12_Image_0471.jpg,Actor_12_Image_0471.jpg,1
f:/Project_FacialReenactmentOutputs/Actor_12/FacesOut_2021_12_26_HR_21//Actor_12_Image_0472.jpg,Actor_12_Image_0472.jpg,1
f:/Project_FacialReenactmentOutputs/Actor_12/FacesOut_2021_12_26_HR_21//Actor_12_Image_0504.jpg,Actor_12_Image_0504.jpg,1
f:/Project_FacialReenactmentOutputs/Actor_12/FacesOut_2021_12_26_HR_21//Actor_12_Image_0505.jpg,Actor_12_Image_0505.jpg,1
f:/Project_FacialReenactmentOutputs/Actor_12/FacesOut_2021_12_26_HR_21//Actor_12_Image_0529.jpg,Actor_12_Image_0529.jpg,1
f:/Project_FacialReenactmentOutputs/Actor_12/FacesOut_2021_12_26_HR_21//Actor_12_Image_0532.jpg,Actor_12_Image_0532.jpg,1
f:/Project_FacialReenactmentOutputs/Actor_12/FacesOut_2021_12_26_HR_21//Actor_12_Image_0546.jpg,Actor_12_Image_0546.jpg,1
f:/Project_FacialReenactmentOutputs/Actor_12/FacesOut_2021_12_26_HR_21//Actor_12_Image_0547.jpg,Actor_12_Image_0547.jpg,1
f:/Project_FacialReenactmentOutputs/Actor_12/FacesOut_2021_12_26_HR_21//Actor_12_Image_0564.jpg,Actor_12_Image_0564.jpg,1
f:/Project_FacialReenactmentOutputs/Actor_12/FacesOut_2021_12_26_HR_21//Actor_12_Image_0565.jpg,Actor_12_Image_0565.jpg,1
f:/Project_FacialReenactmentOutputs/Actor_12/FacesOut_2021_12_26_HR_21//Actor_12_Image_0574.jpg,Actor_12_Image_0574.jpg,1
f:/Project_FacialReenactmentOutputs/Actor_12/FacesOut_2021_12_26_HR_21//Actor_12_Image_0575.jpg,Actor_12_Image_0575.jpg,1
f:/Project_FacialReenactmentOutputs/Actor_12/FacesOut_2021_12_26_HR_21//Actor_12_Image_0576.jpg,Actor_12_Image_0576.jpg,1
f:/Project_FacialReenactmentOutputs/Actor_12/FacesOut_2021_12_26_HR_21//Actor_12_Image_0588.jpg,Actor_12_Image_0588.jpg,1
f:/Project_FacialReenactmentOutputs/Actor_12/FacesOut_2021_12_26_HR_21//Actor_12_Image_0620.jpg,Actor_12_Image_0620.jpg,1
f:/Project_FacialReenactmentOutputs/Actor_12/FacesOut_2021_12_26_HR_21//Actor_12_Image_0623.jpg,Actor_12_Image_0623.jpg,1
f:/Project_FacialReenactmentOutputs/Actor_12/FacesOut_2021_12_26_HR_21//Actor_12_Image_0627.jpg,Actor_12_Image_0627.jpg,1
f:/Project_FacialReenactmentOutputs/Actor_12/FacesOut_2021_12_26_HR_21//Actor_12_Image_0628.jpg,Actor_12_Image_0628.jpg,1
f:/Project_FacialReenactmentOutputs/Actor_12/FacesOut_2021_12_26_HR_21//Actor_12_Image_0629.jpg,Actor_12_Image_0629.jpg,1
f:/Project_FacialReenactmentOutputs/Actor_12/FacesOut_2021_12_26_HR_21//Actor_12_Image_0630.jpg,Actor_12_Image_0630.jpg,1
f:/Project_FacialReenactmentOutputs/Actor_12/FacesOut_2021_12_26_HR_21//Actor_12_Image_0023.jpg,Actor_12_Image_0023.jpg,2
f:/Project_FacialReenactmentOutputs/Actor_12/FacesOut_2021_12_26_HR_21//Actor_12_Image_0033.jpg,Actor_12_Image_0033.jpg,2
f:/Project_FacialReenactmentOutputs/Actor_12/FacesOut_2021_12_26_HR_21//Actor_12_Image_0034.jpg,Actor_12_Image_0034.jpg,2
f:/Project_FacialReenactmentOutputs/Actor_12/FacesOut_2021_12_26_HR_21//Actor_12_Image_0035.jpg,Actor_12_Image_0035.jpg,2
f:/Project_FacialReenactmentOutputs/Actor_12/FacesOut_2021_12_26_HR_21//Actor_12_Image_0037.jpg,Actor_12_Image_0037.jpg,2
f:/Project_FacialReenactmentOutputs/Actor_12/FacesOut_2021_12_26_HR_21//Actor_12_Image_0044.jpg,Actor_12_Image_0044.jpg,2
f:/Project_FacialReenactmentOutputs/Actor_12/FacesOut_2021_12_26_HR_21//Actor_12_Image_0045.jpg,Actor_12_Image_0045.jpg,2
f:/Project_FacialReenactmentOutputs/Actor_12/FacesOut_2021_12_26_HR_21//Actor_12_Image_0046.jpg,Actor_12_Image_0046.jpg,2
f:/Project_FacialReenactmentOutputs/Actor_12/FacesOut_2021_12_26_HR_21//Actor_12_Image_0055.jpg,Actor_12_Image_0055.jpg,2
f:/Project_FacialReenactmentOutputs/Actor_12/FacesOut_2021_12_26_HR_21//Actor_12_Image_0056.jpg,Actor_12_Image_0056.jpg,2
f:/Project_FacialReenactmentOutputs/Actor_12/FacesOut_2021_12_26_HR_21//Actor_12_Image_0057.jpg,Actor_12_Image_0057.jpg,2
f:/Project_FacialReenactmentOutputs/Actor_12/FacesOut_2021_12_26_HR_21//Actor_12_Image_0067.jpg,Actor_12_Image_0067.jpg,2
f:/Project_FacialReenactmentOutputs/Actor_12/FacesOut_2021_12_26_HR_21//Actor_12_Image_0077.jpg,Actor_12_Image_0077.jpg,2
f:/Project_FacialReenactmentOutputs/Actor_12/FacesOut_2021_12_26_HR_21//Actor_12_Image_0196.jpg,Actor_12_Image_0196.jpg,2
f:/Project_FacialReenactmentOutputs/Actor_12/FacesOut_2021_12_26_HR_21//Actor_12_Image_0206.jpg,Actor_12_Image_0206.jpg,2
f:/Project_FacialReenactmentOutputs/Actor_12/FacesOut_2021_12_26_HR_21//Actor_12_Image_0217.jpg,Actor_12_Image_0217.jpg,2
f:/Project_FacialReenactmentOutputs/Actor_12/FacesOut_2021_12_26_HR_21//Actor_12_Image_0219.jpg,Actor_12_Image_0219.jpg,2
f:/Project_FacialReenactmentOutputs/Actor_12/FacesOut_2021_12_26_HR_21//Actor_12_Image_0344.jpg,Actor_12_Image_0344.jpg,2
f:/Project_FacialReenactmentOutputs/Actor_12/FacesOut_2021_12_26_HR_21//Actor_12_Image_0354.jpg,Actor_12_Image_0354.jpg,2
f:/Project_FacialReenactmentOutputs/Actor_12/FacesOut_2021_12_26_HR_21//Actor_12_Image_0355.jpg,Actor_12_Image_0355.jpg,2
f:/Project_FacialReenactmentOutputs/Actor_12/FacesOut_2021_12_26_HR_21//Actor_12_Image_0356.jpg,Actor_12_Image_0356.jpg,2
f:/Project_FacialReenactmentOutputs/Actor_12/FacesOut_2021_12_26_HR_21//Actor_12_Image_0358.jpg,Actor_12_Image_0358.jpg,2
f:/Project_FacialReenactmentOutputs/Actor_12/FacesOut_2021_12_26_HR_21//Actor_12_Image_0365.jpg,Actor_12_Image_0365.jpg,2
f:/Project_FacialReenactmentOutputs/Actor_12/FacesOut_2021_12_26_HR_21//Actor_12_Image_0366.jpg,Actor_12_Image_0366.jpg,2
f:/Project_FacialReenactmentOutputs/Actor_12/FacesOut_2021_12_26_HR_21//Actor_12_Image_0367.jpg,Actor_12_Image_0367.jpg,2
f:/Project_FacialReenactmentOutputs/Actor_12/FacesOut_2021_12_26_HR_21//Actor_12_Image_0376.jpg,Actor_12_Image_0376.jpg,2
f:/Project_FacialReenactmentOutputs/Actor_12/FacesOut_2021_12_26_HR_21//Actor_12_Image_0377.jpg,Actor_12_Image_0377.jpg,2
f:/Project_FacialReenactmentOutputs/Actor_12/FacesOut_2021_12_26_HR_21//Actor_12_Image_0378.jpg,Actor_12_Image_0378.jpg,2
f:/Project_FacialReenactmentOutputs/Actor_12/FacesOut_2021_12_26_HR_21//Actor_12_Image_0388.jpg,Actor_12_Image_0388.jpg,2
f:/Project_FacialReenactmentOutputs/Actor_12/FacesOut_2021_12_26_HR_21//Actor_12_Image_0398.jpg,Actor_12_Image_0398.jpg,2
f:/Project_FacialReenactmentOutputs/Actor_12/FacesOut_2021_12_26_HR_21//Actor_12_Image_0517.jpg,Actor_12_Image_0517.jpg,2
f:/Project_FacialReenactmentOutputs/Actor_12/FacesOut_2021_12_26_HR_21//Actor_12_Image_0527.jpg,Actor_12_Image_0527.jpg,2
f:/Project_FacialReenactmentOutputs/Actor_12/FacesOut_2021_12_26_HR_21//Actor_12_Image_0538.jpg,Actor_12_Image_0538.jpg,2
f:/Project_FacialReenactmentOutputs/Actor_12/FacesOut_2021_12_26_HR_21//Actor_12_Image_0540.jpg,Actor_12_Image_0540.jpg,2
f:/Project_FacialReenactmentOutputs/Actor_12/FacesOut_2021_12_26_HR_21//Actor_12_Image_0156.jpg,Actor_12_Image_0156.jpg,3
f:/Project_FacialReenactmentOutputs/Actor_12/FacesOut_2021_12_26_HR_21//Actor_12_Image_0157.jpg,Actor_12_Image_0157.jpg,3
f:/Project_FacialReenactmentOutputs/Actor_12/FacesOut_2021_12_26_HR_21//Actor_12_Image_0159.jpg,Actor_12_Image_0159.jpg,3
f:/Project_FacialReenactmentOutputs/Actor_12/FacesOut_2021_12_26_HR_21//Actor_12_Image_0160.jpg,Actor_12_Image_0160.jpg,3
f:/Project_FacialReenactmentOutputs/Actor_12/FacesOut_2021_12_26_HR_21//Actor_12_Image_0161.jpg,Actor_12_Image_0161.jpg,3
f:/Project_FacialReenactmentOutputs/Actor_12/FacesOut_2021_12_26_HR_21//Actor_12_Image_0310.jpg,Actor_12_Image_0310.jpg,3
f:/Project_FacialReenactmentOutputs/Actor_12/FacesOut_2021_12_26_HR_21//Actor_12_Image_0311.jpg,Actor_12_Image_0311.jpg,3
f:/Project_FacialReenactmentOutputs/Actor_12/FacesOut_2021_12_26_HR_21//Actor_12_Image_0477.jpg,Actor_12_Image_0477.jpg,3
f:/Project_FacialReenactmentOutputs/Actor_12/FacesOut_2021_12_26_HR_21//Actor_12_Image_0478.jpg,Actor_12_Image_0478.jpg,3
f:/Project_FacialReenactmentOutputs/Actor_12/FacesOut_2021_12_26_HR_21//Actor_12_Image_0480.jpg,Actor_12_Image_0480.jpg,3
f:/Project_FacialReenactmentOutputs/Actor_12/FacesOut_2021_12_26_HR_21//Actor_12_Image_0481.jpg,Actor_12_Image_0481.jpg,3
f:/Project_FacialReenactmentOutputs/Actor_12/FacesOut_2021_12_26_HR_21//Actor_12_Image_0482.jpg,Actor_12_Image_0482.jpg,3
f:/Project_FacialReenactmentOutputs/Actor_12/FacesOut_2021_12_26_HR_21//Actor_12_Image_0631.jpg,Actor_12_Image_0631.jpg,3
f:/Project_FacialReenactmentOutputs/Actor_12/FacesOut_2021_12_26_HR_21//Actor_12_Image_0632.jpg,Actor_12_Image_0632.jpg,3
f:/Project_FacialReenactmentOutputs/Actor_12/FacesOut_2021_12_26_HR_21//Actor_12_Image_0066.jpg,Actor_12_Image_0066.jpg,4
f:/Project_FacialReenactmentOutputs/Actor_12/FacesOut_2021_12_26_HR_21//Actor_12_Image_0079.jpg,Actor_12_Image_0079.jpg,4
f:/Project_FacialReenactmentOutputs/Actor_12/FacesOut_2021_12_26_HR_21//Actor_12_Image_0080.jpg,Actor_12_Image_0080.jpg,4
f:/Project_FacialReenactmentOutputs/Actor_12/FacesOut_2021_12_26_HR_21//Actor_12_Image_0081.jpg,Actor_12_Image_0081.jpg,4
f:/Project_FacialReenactmentOutputs/Actor_12/FacesOut_2021_12_26_HR_21//Actor_12_Image_0082.jpg,Actor_12_Image_0082.jpg,4
f:/Project_FacialReenactmentOutputs/Actor_12/FacesOut_2021_12_26_HR_21//Actor_12_Image_0083.jpg,Actor_12_Image_0083.jpg,4
f:/Project_FacialReenactmentOutputs/Actor_12/FacesOut_2021_12_26_HR_21//Actor_12_Image_0084.jpg,Actor_12_Image_0084.jpg,4
f:/Project_FacialReenactmentOutputs/Actor_12/FacesOut_2021_12_26_HR_21//Actor_12_Image_0088.jpg,Actor_12_Image_0088.jpg,4
f:/Project_FacialReenactmentOutputs/Actor_12/FacesOut_2021_12_26_HR_21//Actor_12_Image_0089.jpg,Actor_12_Image_0089.jpg,4
f:/Project_FacialReenactmentOutputs/Actor_12/FacesOut_2021_12_26_HR_21//Actor_12_Image_0090.jpg,Actor_12_Image_0090.jpg,4
f:/Project_FacialReenactmentOutputs/Actor_12/FacesOut_2021_12_26_HR_21//Actor_12_Image_0091.jpg,Actor_12_Image_0091.jpg,4
f:/Project_FacialReenactmentOutputs/Actor_12/FacesOut_2021_12_26_HR_21//Actor_12_Image_0092.jpg,Actor_12_Image_0092.jpg,4
f:/Project_FacialReenactmentOutputs/Actor_12/FacesOut_2021_12_26_HR_21//Actor_12_Image_0093.jpg,Actor_12_Image_0093.jpg,4
f:/Project_FacialReenactmentOutputs/Actor_12/FacesOut_2021_12_26_HR_21//Actor_12_Image_0094.jpg,Actor_12_Image_0094.jpg,4
f:/Project_FacialReenactmentOutputs/Actor_12/FacesOut_2021_12_26_HR_21//Actor_12_Image_0095.jpg,Actor_12_Image_0095.jpg,4
f:/Project_FacialReenactmentOutputs/Actor_12/FacesOut_2021_12_26_HR_21//Actor_12_Image_0096.jpg,Actor_12_Image_0096.jpg,4
f:/Project_FacialReenactmentOutputs/Actor_12/FacesOut_2021_12_26_HR_21//Actor_12_Image_0099.jpg,Actor_12_Image_0099.jpg,4
f:/Project_FacialReenactmentOutputs/Actor_12/FacesOut_2021_12_26_HR_21//Actor_12_Image_0100.jpg,Actor_12_Image_0100.jpg,4
f:/Project_FacialReenactmentOutputs/Actor_12/FacesOut_2021_12_26_HR_21//Actor_12_Image_0101.jpg,Actor_12_Image_0101.jpg,4
f:/Project_FacialReenactmentOutputs/Actor_12/FacesOut_2021_12_26_HR_21//Actor_12_Image_0102.jpg,Actor_12_Image_0102.jpg,4
f:/Project_FacialReenactmentOutputs/Actor_12/FacesOut_2021_12_26_HR_21//Actor_12_Image_0103.jpg,Actor_12_Image_0103.jpg,4
f:/Project_FacialReenactmentOutputs/Actor_12/FacesOut_2021_12_26_HR_21//Actor_12_Image_0104.jpg,Actor_12_Image_0104.jpg,4
f:/Project_FacialReenactmentOutputs/Actor_12/FacesOut_2021_12_26_HR_21//Actor_12_Image_0105.jpg,Actor_12_Image_0105.jpg,4
f:/Project_FacialReenactmentOutputs/Actor_12/FacesOut_2021_12_26_HR_21//Actor_12_Image_0106.jpg,Actor_12_Image_0106.jpg,4
f:/Project_FacialReenactmentOutputs/Actor_12/FacesOut_2021_12_26_HR_21//Actor_12_Image_0107.jpg,Actor_12_Image_0107.jpg,4
f:/Project_FacialReenactmentOutputs/Actor_12/FacesOut_2021_12_26_HR_21//Actor_12_Image_0187.jpg,Actor_12_Image_0187.jpg,4
f:/Project_FacialReenactmentOutputs/Actor_12/FacesOut_2021_12_26_HR_21//Actor_12_Image_0216.jpg,Actor_12_Image_0216.jpg,4
f:/Project_FacialReenactmentOutputs/Actor_12/FacesOut_2021_12_26_HR_21//Actor_12_Image_0282.jpg,Actor_12_Image_0282.jpg,4
f:/Project_FacialReenactmentOutputs/Actor_12/FacesOut_2021_12_26_HR_21//Actor_12_Image_0283.jpg,Actor_12_Image_0283.jpg,4
f:/Project_FacialReenactmentOutputs/Actor_12/FacesOut_2021_12_26_HR_21//Actor_12_Image_0303.jpg,Actor_12_Image_0303.jpg,4
f:/Project_FacialReenactmentOutputs/Actor_12/FacesOut_2021_12_26_HR_21//Actor_12_Image_0314.jpg,Actor_12_Image_0314.jpg,4
f:/Project_FacialReenactmentOutputs/Actor_12/FacesOut_2021_12_26_HR_21//Actor_12_Image_0315.jpg,Actor_12_Image_0315.jpg,4
f:/Project_FacialReenactmentOutputs/Actor_12/FacesOut_2021_12_26_HR_21//Actor_12_Image_0387.jpg,Actor_12_Image_0387.jpg,4
f:/Project_FacialReenactmentOutputs/Actor_12/FacesOut_2021_12_26_HR_21//Actor_12_Image_0400.jpg,Actor_12_Image_0400.jpg,4
f:/Project_FacialReenactmentOutputs/Actor_12/FacesOut_2021_12_26_HR_21//Actor_12_Image_0401.jpg,Actor_12_Image_0401.jpg,4
f:/Project_FacialReenactmentOutputs/Actor_12/FacesOut_2021_12_26_HR_21//Actor_12_Image_0402.jpg,Actor_12_Image_0402.jpg,4
f:/Project_FacialReenactmentOutputs/Actor_12/FacesOut_2021_12_26_HR_21//Actor_12_Image_0403.jpg,Actor_12_Image_0403.jpg,4
f:/Project_FacialReenactmentOutputs/Actor_12/FacesOut_2021_12_26_HR_21//Actor_12_Image_0404.jpg,Actor_12_Image_0404.jpg,4
f:/Project_FacialReenactmentOutputs/Actor_12/FacesOut_2021_12_26_HR_21//Actor_12_Image_0405.jpg,Actor_12_Image_0405.jpg,4
f:/Project_FacialReenactmentOutputs/Actor_12/FacesOut_2021_12_26_HR_21//Actor_12_Image_0409.jpg,Actor_12_Image_0409.jpg,4
f:/Project_FacialReenactmentOutputs/Actor_12/FacesOut_2021_12_26_HR_21//Actor_12_Image_0410.jpg,Actor_12_Image_0410.jpg,4
f:/Project_FacialReenactmentOutputs/Actor_12/FacesOut_2021_12_26_HR_21//Actor_12_Image_0411.jpg,Actor_12_Image_0411.jpg,4
f:/Project_FacialReenactmentOutputs/Actor_12/FacesOut_2021_12_26_HR_21//Actor_12_Image_0412.jpg,Actor_12_Image_0412.jpg,4
f:/Project_FacialReenactmentOutputs/Actor_12/FacesOut_2021_12_26_HR_21//Actor_12_Image_0413.jpg,Actor_12_Image_0413.jpg,4
f:/Project_FacialReenactmentOutputs/Actor_12/FacesOut_2021_12_26_HR_21//Actor_12_Image_0414.jpg,Actor_12_Image_0414.jpg,4
f:/Project_FacialReenactmentOutputs/Actor_12/FacesOut_2021_12_26_HR_21//Actor_12_Image_0415.jpg,Actor_12_Image_0415.jpg,4
f:/Project_FacialReenactmentOutputs/Actor_12/FacesOut_2021_12_26_HR_21//Actor_12_Image_0416.jpg,Actor_12_Image_0416.jpg,4
f:/Project_FacialReenactmentOutputs/Actor_12/FacesOut_2021_12_26_HR_21//Actor_12_Image_0417.jpg,Actor_12_Image_0417.jpg,4
f:/Project_FacialReenactmentOutputs/Actor_12/FacesOut_2021_12_26_HR_21//Actor_12_Image_0420.jpg,Actor_12_Image_0420.jpg,4
f:/Project_FacialReenactmentOutputs/Actor_12/FacesOut_2021_12_26_HR_21//Actor_12_Image_0421.jpg,Actor_12_Image_0421.jpg,4
f:/Project_FacialReenactmentOutputs/Actor_12/FacesOut_2021_12_26_HR_21//Actor_12_Image_0422.jpg,Actor_12_Image_0422.jpg,4
f:/Project_FacialReenactmentOutputs/Actor_12/FacesOut_2021_12_26_HR_21//Actor_12_Image_0423.jpg,Actor_12_Image_0423.jpg,4
f:/Project_FacialReenactmentOutputs/Actor_12/FacesOut_2021_12_26_HR_21//Actor_12_Image_0424.jpg,Actor_12_Image_0424.jpg,4
f:/Project_FacialReenactmentOutputs/Actor_12/FacesOut_2021_12_26_HR_21//Actor_12_Image_0425.jpg,Actor_12_Image_0425.jpg,4
f:/Project_FacialReenactmentOutputs/Actor_12/FacesOut_2021_12_26_HR_21//Actor_12_Image_0426.jpg,Actor_12_Image_0426.jpg,4
f:/Project_FacialReenactmentOutputs/Actor_12/FacesOut_2021_12_26_HR_21//Actor_12_Image_0427.jpg,Actor_12_Image_0427.jpg,4
f:/Project_FacialReenactmentOutputs/Actor_12/FacesOut_2021_12_26_HR_21//Actor_12_Image_0428.jpg,Actor_12_Image_0428.jpg,4
f:/Project_FacialReenactmentOutputs/Actor_12/FacesOut_2021_12_26_HR_21//Actor_12_Image_0508.jpg,Actor_12_Image_0508.jpg,4
f:/Project_FacialReenactmentOutputs/Actor_12/FacesOut_2021_12_26_HR_21//Actor_12_Image_0537.jpg,Actor_12_Image_0537.jpg,4
f:/Project_FacialReenactmentOutputs/Actor_12/FacesOut_2021_12_26_HR_21//Actor_12_Image_0603.jpg,Actor_12_Image_0603.jpg,4
f:/Project_FacialReenactmentOutputs/Actor_12/FacesOut_2021_12_26_HR_21//Actor_12_Image_0604.jpg,Actor_12_Image_0604.jpg,4
f:/Project_FacialReenactmentOutputs/Actor_12/FacesOut_2021_12_26_HR_21//Actor_12_Image_0624.jpg,Actor_12_Image_0624.jpg,4
f:/Project_FacialReenactmentOutputs/Actor_12/FacesOut_2021_12_26_HR_21//Actor_12_Image_0635.jpg,Actor_12_Image_0635.jpg,4
f:/Project_FacialReenactmentOutputs/Actor_12/FacesOut_2021_12_26_HR_21//Actor_12_Image_0636.jpg,Actor_12_Image_0636.jpg,4
f:/Project_FacialReenactmentOutputs/Actor_12/FacesOut_2021_12_26_HR_21//Actor_12_Image_0641.jpg,Actor_12_Image_0641.jpg,4
f:/Project_FacialReenactmentOutputs/Actor_12/FacesOut_2021_12_26_HR_21//Actor_12_Image_0022.jpg,Actor_12_Image_0022.jpg,5
f:/Project_FacialReenactmentOutputs/Actor_12/FacesOut_2021_12_26_HR_21//Actor_12_Image_0036.jpg,Actor_12_Image_0036.jpg,5
f:/Project_FacialReenactmentOutputs/Actor_12/FacesOut_2021_12_26_HR_21//Actor_12_Image_0039.jpg,Actor_12_Image_0039.jpg,5
f:/Project_FacialReenactmentOutputs/Actor_12/FacesOut_2021_12_26_HR_21//Actor_12_Image_0047.jpg,Actor_12_Image_0047.jpg,5
f:/Project_FacialReenactmentOutputs/Actor_12/FacesOut_2021_12_26_HR_21//Actor_12_Image_0048.jpg,Actor_12_Image_0048.jpg,5
f:/Project_FacialReenactmentOutputs/Actor_12/FacesOut_2021_12_26_HR_21//Actor_12_Image_0065.jpg,Actor_12_Image_0065.jpg,5
f:/Project_FacialReenactmentOutputs/Actor_12/FacesOut_2021_12_26_HR_21//Actor_12_Image_0068.jpg,Actor_12_Image_0068.jpg,5
f:/Project_FacialReenactmentOutputs/Actor_12/FacesOut_2021_12_26_HR_21//Actor_12_Image_0070.jpg,Actor_12_Image_0070.jpg,5
f:/Project_FacialReenactmentOutputs/Actor_12/FacesOut_2021_12_26_HR_21//Actor_12_Image_0072.jpg,Actor_12_Image_0072.jpg,5
f:/Project_FacialReenactmentOutputs/Actor_12/FacesOut_2021_12_26_HR_21//Actor_12_Image_0073.jpg,Actor_12_Image_0073.jpg,5
f:/Project_FacialReenactmentOutputs/Actor_12/FacesOut_2021_12_26_HR_21//Actor_12_Image_0074.jpg,Actor_12_Image_0074.jpg,5
f:/Project_FacialReenactmentOutputs/Actor_12/FacesOut_2021_12_26_HR_21//Actor_12_Image_0076.jpg,Actor_12_Image_0076.jpg,5
f:/Project_FacialReenactmentOutputs/Actor_12/FacesOut_2021_12_26_HR_21//Actor_12_Image_0078.jpg,Actor_12_Image_0078.jpg,5
f:/Project_FacialReenactmentOutputs/Actor_12/FacesOut_2021_12_26_HR_21//Actor_12_Image_0227.jpg,Actor_12_Image_0227.jpg,5
f:/Project_FacialReenactmentOutputs/Actor_12/FacesOut_2021_12_26_HR_21//Actor_12_Image_0251.jpg,Actor_12_Image_0251.jpg,5
f:/Project_FacialReenactmentOutputs/Actor_12/FacesOut_2021_12_26_HR_21//Actor_12_Image_0343.jpg,Actor_12_Image_0343.jpg,5
f:/Project_FacialReenactmentOutputs/Actor_12/FacesOut_2021_12_26_HR_21//Actor_12_Image_0357.jpg,Actor_12_Image_0357.jpg,5
f:/Project_FacialReenactmentOutputs/Actor_12/FacesOut_2021_12_26_HR_21//Actor_12_Image_0360.jpg,Actor_12_Image_0360.jpg,5
f:/Project_FacialReenactmentOutputs/Actor_12/FacesOut_2021_12_26_HR_21//Actor_12_Image_0368.jpg,Actor_12_Image_0368.jpg,5
f:/Project_FacialReenactmentOutputs/Actor_12/FacesOut_2021_12_26_HR_21//Actor_12_Image_0369.jpg,Actor_12_Image_0369.jpg,5
f:/Project_FacialReenactmentOutputs/Actor_12/FacesOut_2021_12_26_HR_21//Actor_12_Image_0386.jpg,Actor_12_Image_0386.jpg,5
f:/Project_FacialReenactmentOutputs/Actor_12/FacesOut_2021_12_26_HR_21//Actor_12_Image_0389.jpg,Actor_12_Image_0389.jpg,5
f:/Project_FacialReenactmentOutputs/Actor_12/FacesOut_2021_12_26_HR_21//Actor_12_Image_0391.jpg,Actor_12_Image_0391.jpg,5
f:/Project_FacialReenactmentOutputs/Actor_12/FacesOut_2021_12_26_HR_21//Actor_12_Image_0393.jpg,Actor_12_Image_0393.jpg,5
f:/Project_FacialReenactmentOutputs/Actor_12/FacesOut_2021_12_26_HR_21//Actor_12_Image_0394.jpg,Actor_12_Image_0394.jpg,5
f:/Project_FacialReenactmentOutputs/Actor_12/FacesOut_2021_12_26_HR_21//Actor_12_Image_0395.jpg,Actor_12_Image_0395.jpg,5
f:/Project_FacialReenactmentOutputs/Actor_12/FacesOut_2021_12_26_HR_21//Actor_12_Image_0397.jpg,Actor_12_Image_0397.jpg,5
f:/Project_FacialReenactmentOutputs/Actor_12/FacesOut_2021_12_26_HR_21//Actor_12_Image_0399.jpg,Actor_12_Image_0399.jpg,5
f:/Project_FacialReenactmentOutputs/Actor_12/FacesOut_2021_12_26_HR_21//Actor_12_Image_0548.jpg,Actor_12_Image_0548.jpg,5
f:/Project_FacialReenactmentOutputs/Actor_12/FacesOut_2021_12_26_HR_21//Actor_12_Image_0572.jpg,Actor_12_Image_0572.jpg,5
f:/Project_FacialReenactmentOutputs/Actor_12/FacesOut_2021_12_26_HR_21//Actor_12_Image_0027.jpg,Actor_12_Image_0027.jpg,6
f:/Project_FacialReenactmentOutputs/Actor_12/FacesOut_2021_12_26_HR_21//Actor_12_Image_0028.jpg,Actor_12_Image_0028.jpg,6
f:/Project_FacialReenactmentOutputs/Actor_12/FacesOut_2021_12_26_HR_21//Actor_12_Image_0029.jpg,Actor_12_Image_0029.jpg,6
f:/Project_FacialReenactmentOutputs/Actor_12/FacesOut_2021_12_26_HR_21//Actor_12_Image_0030.jpg,Actor_12_Image_0030.jpg,6
f:/Project_FacialReenactmentOutputs/Actor_12/FacesOut_2021_12_26_HR_21//Actor_12_Image_0109.jpg,Actor_12_Image_0109.jpg,6
f:/Project_FacialReenactmentOutputs/Actor_12/FacesOut_2021_12_26_HR_21//Actor_12_Image_0110.jpg,Actor_12_Image_0110.jpg,6
f:/Project_FacialReenactmentOutputs/Actor_12/FacesOut_2021_12_26_HR_21//Actor_12_Image_0114.jpg,Actor_12_Image_0114.jpg,6
f:/Project_FacialReenactmentOutputs/Actor_12/FacesOut_2021_12_26_HR_21//Actor_12_Image_0115.jpg,Actor_12_Image_0115.jpg,6
f:/Project_FacialReenactmentOutputs/Actor_12/FacesOut_2021_12_26_HR_21//Actor_12_Image_0116.jpg,Actor_12_Image_0116.jpg,6
f:/Project_FacialReenactmentOutputs/Actor_12/FacesOut_2021_12_26_HR_21//Actor_12_Image_0117.jpg,Actor_12_Image_0117.jpg,6
f:/Project_FacialReenactmentOutputs/Actor_12/FacesOut_2021_12_26_HR_21//Actor_12_Image_0128.jpg,Actor_12_Image_0128.jpg,6
f:/Project_FacialReenactmentOutputs/Actor_12/FacesOut_2021_12_26_HR_21//Actor_12_Image_0136.jpg,Actor_12_Image_0136.jpg,6
f:/Project_FacialReenactmentOutputs/Actor_12/FacesOut_2021_12_26_HR_21//Actor_12_Image_0137.jpg,Actor_12_Image_0137.jpg,6
f:/Project_FacialReenactmentOutputs/Actor_12/FacesOut_2021_12_26_HR_21//Actor_12_Image_0138.jpg,Actor_12_Image_0138.jpg,6
f:/Project_FacialReenactmentOutputs/Actor_12/FacesOut_2021_12_26_HR_21//Actor_12_Image_0147.jpg,Actor_12_Image_0147.jpg,6
f:/Project_FacialReenactmentOutputs/Actor_12/FacesOut_2021_12_26_HR_21//Actor_12_Image_0148.jpg,Actor_12_Image_0148.jpg,6
f:/Project_FacialReenactmentOutputs/Actor_12/FacesOut_2021_12_26_HR_21//Actor_12_Image_0149.jpg,Actor_12_Image_0149.jpg,6
f:/Project_FacialReenactmentOutputs/Actor_12/FacesOut_2021_12_26_HR_21//Actor_12_Image_0165.jpg,Actor_12_Image_0165.jpg,6
f:/Project_FacialReenactmentOutputs/Actor_12/FacesOut_2021_12_26_HR_21//Actor_12_Image_0166.jpg,Actor_12_Image_0166.jpg,6
f:/Project_FacialReenactmentOutputs/Actor_12/FacesOut_2021_12_26_HR_21//Actor_12_Image_0167.jpg,Actor_12_Image_0167.jpg,6
f:/Project_FacialReenactmentOutputs/Actor_12/FacesOut_2021_12_26_HR_21//Actor_12_Image_0168.jpg,Actor_12_Image_0168.jpg,6
f:/Project_FacialReenactmentOutputs/Actor_12/FacesOut_2021_12_26_HR_21//Actor_12_Image_0169.jpg,Actor_12_Image_0169.jpg,6
f:/Project_FacialReenactmentOutputs/Actor_12/FacesOut_2021_12_26_HR_21//Actor_12_Image_0170.jpg,Actor_12_Image_0170.jpg,6
f:/Project_FacialReenactmentOutputs/Actor_12/FacesOut_2021_12_26_HR_21//Actor_12_Image_0171.jpg,Actor_12_Image_0171.jpg,6
f:/Project_FacialReenactmentOutputs/Actor_12/FacesOut_2021_12_26_HR_21//Actor_12_Image_0172.jpg,Actor_12_Image_0172.jpg,6
f:/Project_FacialReenactmentOutputs/Actor_12/FacesOut_2021_12_26_HR_21//Actor_12_Image_0173.jpg,Actor_12_Image_0173.jpg,6
f:/Project_FacialReenactmentOutputs/Actor_12/FacesOut_2021_12_26_HR_21//Actor_12_Image_0174.jpg,Actor_12_Image_0174.jpg,6
f:/Project_FacialReenactmentOutputs/Actor_12/FacesOut_2021_12_26_HR_21//Actor_12_Image_0181.jpg,Actor_12_Image_0181.jpg,6
f:/Project_FacialReenactmentOutputs/Actor_12/FacesOut_2021_12_26_HR_21//Actor_12_Image_0182.jpg,Actor_12_Image_0182.jpg,6
f:/Project_FacialReenactmentOutputs/Actor_12/FacesOut_2021_12_26_HR_21//Actor_12_Image_0235.jpg,Actor_12_Image_0235.jpg,6
f:/Project_FacialReenactmentOutputs/Actor_12/FacesOut_2021_12_26_HR_21//Actor_12_Image_0236.jpg,Actor_12_Image_0236.jpg,6
f:/Project_FacialReenactmentOutputs/Actor_12/FacesOut_2021_12_26_HR_21//Actor_12_Image_0240.jpg,Actor_12_Image_0240.jpg,6
f:/Project_FacialReenactmentOutputs/Actor_12/FacesOut_2021_12_26_HR_21//Actor_12_Image_0256.jpg,Actor_12_Image_0256.jpg,6
f:/Project_FacialReenactmentOutputs/Actor_12/FacesOut_2021_12_26_HR_21//Actor_12_Image_0348.jpg,Actor_12_Image_0348.jpg,6
f:/Project_FacialReenactmentOutputs/Actor_12/FacesOut_2021_12_26_HR_21//Actor_12_Image_0349.jpg,Actor_12_Image_0349.jpg,6
f:/Project_FacialReenactmentOutputs/Actor_12/FacesOut_2021_12_26_HR_21//Actor_12_Image_0350.jpg,Actor_12_Image_0350.jpg,6
f:/Project_FacialReenactmentOutputs/Actor_12/FacesOut_2021_12_26_HR_21//Actor_12_Image_0351.jpg,Actor_12_Image_0351.jpg,6
f:/Project_FacialReenactmentOutputs/Actor_12/FacesOut_2021_12_26_HR_21//Actor_12_Image_0430.jpg,Actor_12_Image_0430.jpg,6
f:/Project_FacialReenactmentOutputs/Actor_12/FacesOut_2021_12_26_HR_21//Actor_12_Image_0431.jpg,Actor_12_Image_0431.jpg,6
f:/Project_FacialReenactmentOutputs/Actor_12/FacesOut_2021_12_26_HR_21//Actor_12_Image_0435.jpg,Actor_12_Image_0435.jpg,6
f:/Project_FacialReenactmentOutputs/Actor_12/FacesOut_2021_12_26_HR_21//Actor_12_Image_0436.jpg,Actor_12_Image_0436.jpg,6
f:/Project_FacialReenactmentOutputs/Actor_12/FacesOut_2021_12_26_HR_21//Actor_12_Image_0437.jpg,Actor_12_Image_0437.jpg,6
f:/Project_FacialReenactmentOutputs/Actor_12/FacesOut_2021_12_26_HR_21//Actor_12_Image_0438.jpg,Actor_12_Image_0438.jpg,6
f:/Project_FacialReenactmentOutputs/Actor_12/FacesOut_2021_12_26_HR_21//Actor_12_Image_0449.jpg,Actor_12_Image_0449.jpg,6
f:/Project_FacialReenactmentOutputs/Actor_12/FacesOut_2021_12_26_HR_21//Actor_12_Image_0457.jpg,Actor_12_Image_0457.jpg,6
f:/Project_FacialReenactmentOutputs/Actor_12/FacesOut_2021_12_26_HR_21//Actor_12_Image_0458.jpg,Actor_12_Image_0458.jpg,6
f:/Project_FacialReenactmentOutputs/Actor_12/FacesOut_2021_12_26_HR_21//Actor_12_Image_0459.jpg,Actor_12_Image_0459.jpg,6
f:/Project_FacialReenactmentOutputs/Actor_12/FacesOut_2021_12_26_HR_21//Actor_12_Image_0468.jpg,Actor_12_Image_0468.jpg,6
f:/Project_FacialReenactmentOutputs/Actor_12/FacesOut_2021_12_26_HR_21//Actor_12_Image_0469.jpg,Actor_12_Image_0469.jpg,6
f:/Project_FacialReenactmentOutputs/Actor_12/FacesOut_2021_12_26_HR_21//Actor_12_Image_0470.jpg,Actor_12_Image_0470.jpg,6
f:/Project_FacialReenactmentOutputs/Actor_12/FacesOut_2021_12_26_HR_21//Actor_12_Image_0486.jpg,Actor_12_Image_0486.jpg,6
f:/Project_FacialReenactmentOutputs/Actor_12/FacesOut_2021_12_26_HR_21//Actor_12_Image_0487.jpg,Actor_12_Image_0487.jpg,6
f:/Project_FacialReenactmentOutputs/Actor_12/FacesOut_2021_12_26_HR_21//Actor_12_Image_0488.jpg,Actor_12_Image_0488.jpg,6
f:/Project_FacialReenactmentOutputs/Actor_12/FacesOut_2021_12_26_HR_21//Actor_12_Image_0489.jpg,Actor_12_Image_0489.jpg,6
f:/Project_FacialReenactmentOutputs/Actor_12/FacesOut_2021_12_26_HR_21//Actor_12_Image_0490.jpg,Actor_12_Image_0490.jpg,6
f:/Project_FacialReenactmentOutputs/Actor_12/FacesOut_2021_12_26_HR_21//Actor_12_Image_0491.jpg,Actor_12_Image_0491.jpg,6
f:/Project_FacialReenactmentOutputs/Actor_12/FacesOut_2021_12_26_HR_21//Actor_12_Image_0492.jpg,Actor_12_Image_0492.jpg,6
f:/Project_FacialReenactmentOutputs/Actor_12/FacesOut_2021_12_26_HR_21//Actor_12_Image_0493.jpg,Actor_12_Image_0493.jpg,6
f:/Project_FacialReenactmentOutputs/Actor_12/FacesOut_2021_12_26_HR_21//Actor_12_Image_0494.jpg,Actor_12_Image_0494.jpg,6
f:/Project_FacialReenactmentOutputs/Actor_12/FacesOut_2021_12_26_HR_21//Actor_12_Image_0495.jpg,Actor_12_Image_0495.jpg,6
f:/Project_FacialReenactmentOutputs/Actor_12/FacesOut_2021_12_26_HR_21//Actor_12_Image_0502.jpg,Actor_12_Image_0502.jpg,6
f:/Project_FacialReenactmentOutputs/Actor_12/FacesOut_2021_12_26_HR_21//Actor_12_Image_0503.jpg,Actor_12_Image_0503.jpg,6
f:/Project_FacialReenactmentOutputs/Actor_12/FacesOut_2021_12_26_HR_21//Actor_12_Image_0556.jpg,Actor_12_Image_0556.jpg,6
f:/Project_FacialReenactmentOutputs/Actor_12/FacesOut_2021_12_26_HR_21//Actor_12_Image_0557.jpg,Actor_12_Image_0557.jpg,6
f:/Project_FacialReenactmentOutputs/Actor_12/FacesOut_2021_12_26_HR_21//Actor_12_Image_0561.jpg,Actor_12_Image_0561.jpg,6
f:/Project_FacialReenactmentOutputs/Actor_12/FacesOut_2021_12_26_HR_21//Actor_12_Image_0577.jpg,Actor_12_Image_0577.jpg,6
f:/Project_FacialReenactmentOutputs/Actor_12/FacesOut_2021_12_26_HR_21//Actor_12_Image_0129.jpg,Actor_12_Image_0129.jpg,7
f:/Project_FacialReenactmentOutputs/Actor_12/FacesOut_2021_12_26_HR_21//Actor_12_Image_0132.jpg,Actor_12_Image_0132.jpg,7
f:/Project_FacialReenactmentOutputs/Actor_12/FacesOut_2021_12_26_HR_21//Actor_12_Image_0178.jpg,Actor_12_Image_0178.jpg,7
f:/Project_FacialReenactmentOutputs/Actor_12/FacesOut_2021_12_26_HR_21//Actor_12_Image_0179.jpg,Actor_12_Image_0179.jpg,7
f:/Project_FacialReenactmentOutputs/Actor_12/FacesOut_2021_12_26_HR_21//Actor_12_Image_0180.jpg,Actor_12_Image_0180.jpg,7
f:/Project_FacialReenactmentOutputs/Actor_12/FacesOut_2021_12_26_HR_21//Actor_12_Image_0218.jpg,Actor_12_Image_0218.jpg,7
f:/Project_FacialReenactmentOutputs/Actor_12/FacesOut_2021_12_26_HR_21//Actor_12_Image_0220.jpg,Actor_12_Image_0220.jpg,7
f:/Project_FacialReenactmentOutputs/Actor_12/FacesOut_2021_12_26_HR_21//Actor_12_Image_0221.jpg,Actor_12_Image_0221.jpg,7
f:/Project_FacialReenactmentOutputs/Actor_12/FacesOut_2021_12_26_HR_21//Actor_12_Image_0222.jpg,Actor_12_Image_0222.jpg,7
f:/Project_FacialReenactmentOutputs/Actor_12/FacesOut_2021_12_26_HR_21//Actor_12_Image_0223.jpg,Actor_12_Image_0223.jpg,7
f:/Project_FacialReenactmentOutputs/Actor_12/FacesOut_2021_12_26_HR_21//Actor_12_Image_0224.jpg,Actor_12_Image_0224.jpg,7
f:/Project_FacialReenactmentOutputs/Actor_12/FacesOut_2021_12_26_HR_21//Actor_12_Image_0241.jpg,Actor_12_Image_0241.jpg,7
f:/Project_FacialReenactmentOutputs/Actor_12/FacesOut_2021_12_26_HR_21//Actor_12_Image_0242.jpg,Actor_12_Image_0242.jpg,7
f:/Project_FacialReenactmentOutputs/Actor_12/FacesOut_2021_12_26_HR_21//Actor_12_Image_0257.jpg,Actor_12_Image_0257.jpg,7
f:/Project_FacialReenactmentOutputs/Actor_12/FacesOut_2021_12_26_HR_21//Actor_12_Image_0450.jpg,Actor_12_Image_0450.jpg,7
f:/Project_FacialReenactmentOutputs/Actor_12/FacesOut_2021_12_26_HR_21//Actor_12_Image_0453.jpg,Actor_12_Image_0453.jpg,7
f:/Project_FacialReenactmentOutputs/Actor_12/FacesOut_2021_12_26_HR_21//Actor_12_Image_0499.jpg,Actor_12_Image_0499.jpg,7
f:/Project_FacialReenactmentOutputs/Actor_12/FacesOut_2021_12_26_HR_21//Actor_12_Image_0500.jpg,Actor_12_Image_0500.jpg,7
f:/Project_FacialReenactmentOutputs/Actor_12/FacesOut_2021_12_26_HR_21//Actor_12_Image_0501.jpg,Actor_12_Image_0501.jpg,7
f:/Project_FacialReenactmentOutputs/Actor_12/FacesOut_2021_12_26_HR_21//Actor_12_Image_0539.jpg,Actor_12_Image_0539.jpg,7
f:/Project_FacialReenactmentOutputs/Actor_12/FacesOut_2021_12_26_HR_21//Actor_12_Image_0541.jpg,Actor_12_Image_0541.jpg,7
f:/Project_FacialReenactmentOutputs/Actor_12/FacesOut_2021_12_26_HR_21//Actor_12_Image_0542.jpg,Actor_12_Image_0542.jpg,7
f:/Project_FacialReenactmentOutputs/Actor_12/FacesOut_2021_12_26_HR_21//Actor_12_Image_0543.jpg,Actor_12_Image_0543.jpg,7
f:/Project_FacialReenactmentOutputs/Actor_12/FacesOut_2021_12_26_HR_21//Actor_12_Image_0544.jpg,Actor_12_Image_0544.jpg,7
f:/Project_FacialReenactmentOutputs/Actor_12/FacesOut_2021_12_26_HR_21//Actor_12_Image_0545.jpg,Actor_12_Image_0545.jpg,7
f:/Project_FacialReenactmentOutputs/Actor_12/FacesOut_2021_12_26_HR_21//Actor_12_Image_0562.jpg,Actor_12_Image_0562.jpg,7
f:/Project_FacialReenactmentOutputs/Actor_12/FacesOut_2021_12_26_HR_21//Actor_12_Image_0563.jpg,Actor_12_Image_0563.jpg,7
f:/Project_FacialReenactmentOutputs/Actor_12/FacesOut_2021_12_26_HR_21//Actor_12_Image_0578.jpg,Actor_12_Image_0578.jpg,7
f:/Project_FacialReenactmentOutputs/Actor_12/FacesOut_2021_12_26_HR_21//Actor_12_Image_0000.jpg,Actor_12_Image_0000.jpg,8
f:/Project_FacialReenactmentOutputs/Actor_12/FacesOut_2021_12_26_HR_21//Actor_12_Image_0118.jpg,Actor_12_Image_0118.jpg,8
f:/Project_FacialReenactmentOutputs/Actor_12/FacesOut_2021_12_26_HR_21//Actor_12_Image_0119.jpg,Actor_12_Image_0119.jpg,8
f:/Project_FacialReenactmentOutputs/Actor_12/FacesOut_2021_12_26_HR_21//Actor_12_Image_0207.jpg,Actor_12_Image_0207.jpg,8
f:/Project_FacialReenactmentOutputs/Actor_12/FacesOut_2021_12_26_HR_21//Actor_12_Image_0271.jpg,Actor_12_Image_0271.jpg,8
f:/Project_FacialReenactmentOutputs/Actor_12/FacesOut_2021_12_26_HR_21//Actor_12_Image_0279.jpg,Actor_12_Image_0279.jpg,8
f:/Project_FacialReenactmentOutputs/Actor_12/FacesOut_2021_12_26_HR_21//Actor_12_Image_0291.jpg,Actor_12_Image_0291.jpg,8
f:/Project_FacialReenactmentOutputs/Actor_12/FacesOut_2021_12_26_HR_21//Actor_12_Image_0321.jpg,Actor_12_Image_0321.jpg,8
f:/Project_FacialReenactmentOutputs/Actor_12/FacesOut_2021_12_26_HR_21//Actor_12_Image_0439.jpg,Actor_12_Image_0439.jpg,8
f:/Project_FacialReenactmentOutputs/Actor_12/FacesOut_2021_12_26_HR_21//Actor_12_Image_0440.jpg,Actor_12_Image_0440.jpg,8
f:/Project_FacialReenactmentOutputs/Actor_12/FacesOut_2021_12_26_HR_21//Actor_12_Image_0528.jpg,Actor_12_Image_0528.jpg,8
f:/Project_FacialReenactmentOutputs/Actor_12/FacesOut_2021_12_26_HR_21//Actor_12_Image_0592.jpg,Actor_12_Image_0592.jpg,8
f:/Project_FacialReenactmentOutputs/Actor_12/FacesOut_2021_12_26_HR_21//Actor_12_Image_0600.jpg,Actor_12_Image_0600.jpg,8
f:/Project_FacialReenactmentOutputs/Actor_12/FacesOut_2021_12_26_HR_21//Actor_12_Image_0612.jpg,Actor_12_Image_0612.jpg,8
f:/Project_FacialReenactmentOutputs/Actor_12/FacesOut_2021_12_26_HR_21//Actor_12_Image_0069.jpg,Actor_12_Image_0069.jpg,9
f:/Project_FacialReenactmentOutputs/Actor_12/FacesOut_2021_12_26_HR_21//Actor_12_Image_0071.jpg,Actor_12_Image_0071.jpg,9
f:/Project_FacialReenactmentOutputs/Actor_12/FacesOut_2021_12_26_HR_21//Actor_12_Image_0111.jpg,Actor_12_Image_0111.jpg,9
f:/Project_FacialReenactmentOutputs/Actor_12/FacesOut_2021_12_26_HR_21//Actor_12_Image_0113.jpg,Actor_12_Image_0113.jpg,9
f:/Project_FacialReenactmentOutputs/Actor_12/FacesOut_2021_12_26_HR_21//Actor_12_Image_0143.jpg,Actor_12_Image_0143.jpg,9
f:/Project_FacialReenactmentOutputs/Actor_12/FacesOut_2021_12_26_HR_21//Actor_12_Image_0145.jpg,Actor_12_Image_0145.jpg,9
f:/Project_FacialReenactmentOutputs/Actor_12/FacesOut_2021_12_26_HR_21//Actor_12_Image_0146.jpg,Actor_12_Image_0146.jpg,9
f:/Project_FacialReenactmentOutputs/Actor_12/FacesOut_2021_12_26_HR_21//Actor_12_Image_0390.jpg,Actor_12_Image_0390.jpg,9
f:/Project_FacialReenactmentOutputs/Actor_12/FacesOut_2021_12_26_HR_21//Actor_12_Image_0392.jpg,Actor_12_Image_0392.jpg,9
f:/Project_FacialReenactmentOutputs/Actor_12/FacesOut_2021_12_26_HR_21//Actor_12_Image_0432.jpg,Actor_12_Image_0432.jpg,9
f:/Project_FacialReenactmentOutputs/Actor_12/FacesOut_2021_12_26_HR_21//Actor_12_Image_0434.jpg,Actor_12_Image_0434.jpg,9
f:/Project_FacialReenactmentOutputs/Actor_12/FacesOut_2021_12_26_HR_21//Actor_12_Image_0464.jpg,Actor_12_Image_0464.jpg,9
f:/Project_FacialReenactmentOutputs/Actor_12/FacesOut_2021_12_26_HR_21//Actor_12_Image_0465.jpg,Actor_12_Image_0465.jpg,9
f:/Project_FacialReenactmentOutputs/Actor_12/FacesOut_2021_12_26_HR_21//Actor_12_Image_0466.jpg,Actor_12_Image_0466.jpg,9
f:/Project_FacialReenactmentOutputs/Actor_12/FacesOut_2021_12_26_HR_21//Actor_12_Image_0467.jpg,Actor_12_Image_0467.jpg,9
f:/Project_FacialReenactmentOutputs/Actor_12/FacesOut_2021_12_26_HR_21//Actor_12_Image_0112.jpg,Actor_12_Image_0112.jpg,10
f:/Project_FacialReenactmentOutputs/Actor_12/FacesOut_2021_12_26_HR_21//Actor_12_Image_0133.jpg,Actor_12_Image_0133.jpg,10
f:/Project_FacialReenactmentOutputs/Actor_12/FacesOut_2021_12_26_HR_21//Actor_12_Image_0134.jpg,Actor_12_Image_0134.jpg,10
f:/Project_FacialReenactmentOutputs/Actor_12/FacesOut_2021_12_26_HR_21//Actor_12_Image_0144.jpg,Actor_12_Image_0144.jpg,10
f:/Project_FacialReenactmentOutputs/Actor_12/FacesOut_2021_12_26_HR_21//Actor_12_Image_0433.jpg,Actor_12_Image_0433.jpg,10
f:/Project_FacialReenactmentOutputs/Actor_12/FacesOut_2021_12_26_HR_21//Actor_12_Image_0454.jpg,Actor_12_Image_0454.jpg,10
f:/Project_FacialReenactmentOutputs/Actor_12/FacesOut_2021_12_26_HR_21//Actor_12_Image_0455.jpg,Actor_12_Image_0455.jpg,10
f:/Project_FacialReenactmentOutputs/Actor_12/FacesOut_2021_12_26_HR_21//Actor_12_Image_0141.jpg,Actor_12_Image_0141.jpg,11
f:/Project_FacialReenactmentOutputs/Actor_12/FacesOut_2021_12_26_HR_21//Actor_12_Image_0164.jpg,Actor_12_Image_0164.jpg,11
f:/Project_FacialReenactmentOutputs/Actor_12/FacesOut_2021_12_26_HR_21//Actor_12_Image_0185.jpg,Actor_12_Image_0185.jpg,11
f:/Project_FacialReenactmentOutputs/Actor_12/FacesOut_2021_12_26_HR_21//Actor_12_Image_0201.jpg,Actor_12_Image_0201.jpg,11
f:/Project_FacialReenactmentOutputs/Actor_12/FacesOut_2021_12_26_HR_21//Actor_12_Image_0202.jpg,Actor_12_Image_0202.jpg,11
f:/Project_FacialReenactmentOutputs/Actor_12/FacesOut_2021_12_26_HR_21//Actor_12_Image_0203.jpg,Actor_12_Image_0203.jpg,11
f:/Project_FacialReenactmentOutputs/Actor_12/FacesOut_2021_12_26_HR_21//Actor_12_Image_0210.jpg,Actor_12_Image_0210.jpg,11
f:/Project_FacialReenactmentOutputs/Actor_12/FacesOut_2021_12_26_HR_21//Actor_12_Image_0212.jpg,Actor_12_Image_0212.jpg,11
f:/Project_FacialReenactmentOutputs/Actor_12/FacesOut_2021_12_26_HR_21//Actor_12_Image_0213.jpg,Actor_12_Image_0213.jpg,11
f:/Project_FacialReenactmentOutputs/Actor_12/FacesOut_2021_12_26_HR_21//Actor_12_Image_0230.jpg,Actor_12_Image_0230.jpg,11
f:/Project_FacialReenactmentOutputs/Actor_12/FacesOut_2021_12_26_HR_21//Actor_12_Image_0231.jpg,Actor_12_Image_0231.jpg,11
f:/Project_FacialReenactmentOutputs/Actor_12/FacesOut_2021_12_26_HR_21//Actor_12_Image_0232.jpg,Actor_12_Image_0232.jpg,11
f:/Project_FacialReenactmentOutputs/Actor_12/FacesOut_2021_12_26_HR_21//Actor_12_Image_0233.jpg,Actor_12_Image_0233.jpg,11
f:/Project_FacialReenactmentOutputs/Actor_12/FacesOut_2021_12_26_HR_21//Actor_12_Image_0234.jpg,Actor_12_Image_0234.jpg,11
f:/Project_FacialReenactmentOutputs/Actor_12/FacesOut_2021_12_26_HR_21//Actor_12_Image_0237.jpg,Actor_12_Image_0237.jpg,11
f:/Project_FacialReenactmentOutputs/Actor_12/FacesOut_2021_12_26_HR_21//Actor_12_Image_0245.jpg,Actor_12_Image_0245.jpg,11
f:/Project_FacialReenactmentOutputs/Actor_12/FacesOut_2021_12_26_HR_21//Actor_12_Image_0247.jpg,Actor_12_Image_0247.jpg,11
f:/Project_FacialReenactmentOutputs/Actor_12/FacesOut_2021_12_26_HR_21//Actor_12_Image_0248.jpg,Actor_12_Image_0248.jpg,11
f:/Project_FacialReenactmentOutputs/Actor_12/FacesOut_2021_12_26_HR_21//Actor_12_Image_0289.jpg,Actor_12_Image_0289.jpg,11
f:/Project_FacialReenactmentOutputs/Actor_12/FacesOut_2021_12_26_HR_21//Actor_12_Image_0300.jpg,Actor_12_Image_0300.jpg,11
f:/Project_FacialReenactmentOutputs/Actor_12/FacesOut_2021_12_26_HR_21//Actor_12_Image_0305.jpg,Actor_12_Image_0305.jpg,11
f:/Project_FacialReenactmentOutputs/Actor_12/FacesOut_2021_12_26_HR_21//Actor_12_Image_0462.jpg,Actor_12_Image_0462.jpg,11
f:/Project_FacialReenactmentOutputs/Actor_12/FacesOut_2021_12_26_HR_21//Actor_12_Image_0485.jpg,Actor_12_Image_0485.jpg,11
f:/Project_FacialReenactmentOutputs/Actor_12/FacesOut_2021_12_26_HR_21//Actor_12_Image_0506.jpg,Actor_12_Image_0506.jpg,11
f:/Project_FacialReenactmentOutputs/Actor_12/FacesOut_2021_12_26_HR_21//Actor_12_Image_0522.jpg,Actor_12_Image_0522.jpg,11
f:/Project_FacialReenactmentOutputs/Actor_12/FacesOut_2021_12_26_HR_21//Actor_12_Image_0523.jpg,Actor_12_Image_0523.jpg,11
f:/Project_FacialReenactmentOutputs/Actor_12/FacesOut_2021_12_26_HR_21//Actor_12_Image_0524.jpg,Actor_12_Image_0524.jpg,11
f:/Project_FacialReenactmentOutputs/Actor_12/FacesOut_2021_12_26_HR_21//Actor_12_Image_0531.jpg,Actor_12_Image_0531.jpg,11
f:/Project_FacialReenactmentOutputs/Actor_12/FacesOut_2021_12_26_HR_21//Actor_12_Image_0533.jpg,Actor_12_Image_0533.jpg,11
f:/Project_FacialReenactmentOutputs/Actor_12/FacesOut_2021_12_26_HR_21//Actor_12_Image_0534.jpg,Actor_12_Image_0534.jpg,11
f:/Project_FacialReenactmentOutputs/Actor_12/FacesOut_2021_12_26_HR_21//Actor_12_Image_0551.jpg,Actor_12_Image_0551.jpg,11
f:/Project_FacialReenactmentOutputs/Actor_12/FacesOut_2021_12_26_HR_21//Actor_12_Image_0552.jpg,Actor_12_Image_0552.jpg,11
f:/Project_FacialReenactmentOutputs/Actor_12/FacesOut_2021_12_26_HR_21//Actor_12_Image_0553.jpg,Actor_12_Image_0553.jpg,11
f:/Project_FacialReenactmentOutputs/Actor_12/FacesOut_2021_12_26_HR_21//Actor_12_Image_0554.jpg,Actor_12_Image_0554.jpg,11
f:/Project_FacialReenactmentOutputs/Actor_12/FacesOut_2021_12_26_HR_21//Actor_12_Image_0555.jpg,Actor_12_Image_0555.jpg,11
f:/Project_FacialReenactmentOutputs/Actor_12/FacesOut_2021_12_26_HR_21//Actor_12_Image_0558.jpg,Actor_12_Image_0558.jpg,11
f:/Project_FacialReenactmentOutputs/Actor_12/FacesOut_2021_12_26_HR_21//Actor_12_Image_0566.jpg,Actor_12_Image_0566.jpg,11
f:/Project_FacialReenactmentOutputs/Actor_12/FacesOut_2021_12_26_HR_21//Actor_12_Image_0568.jpg,Actor_12_Image_0568.jpg,11
f:/Project_FacialReenactmentOutputs/Actor_12/FacesOut_2021_12_26_HR_21//Actor_12_Image_0569.jpg,Actor_12_Image_0569.jpg,11
f:/Project_FacialReenactmentOutputs/Actor_12/FacesOut_2021_12_26_HR_21//Actor_12_Image_0610.jpg,Actor_12_Image_0610.jpg,11
f:/Project_FacialReenactmentOutputs/Actor_12/FacesOut_2021_12_26_HR_21//Actor_12_Image_0621.jpg,Actor_12_Image_0621.jpg,11
f:/Project_FacialReenactmentOutputs/Actor_12/FacesOut_2021_12_26_HR_21//Actor_12_Image_0626.jpg,Actor_12_Image_0626.jpg,11
f:/Project_FacialReenactmentOutputs/Actor_12/FacesOut_2021_12_26_HR_21//Actor_12_Image_0190.jpg,Actor_12_Image_0190.jpg,12
f:/Project_FacialReenactmentOutputs/Actor_12/FacesOut_2021_12_26_HR_21//Actor_12_Image_0191.jpg,Actor_12_Image_0191.jpg,12
f:/Project_FacialReenactmentOutputs/Actor_12/FacesOut_2021_12_26_HR_21//Actor_12_Image_0192.jpg,Actor_12_Image_0192.jpg,12
f:/Project_FacialReenactmentOutputs/Actor_12/FacesOut_2021_12_26_HR_21//Actor_12_Image_0193.jpg,Actor_12_Image_0193.jpg,12
f:/Project_FacialReenactmentOutputs/Actor_12/FacesOut_2021_12_26_HR_21//Actor_12_Image_0273.jpg,Actor_12_Image_0273.jpg,12
f:/Project_FacialReenactmentOutputs/Actor_12/FacesOut_2021_12_26_HR_21//Actor_12_Image_0278.jpg,Actor_12_Image_0278.jpg,12
f:/Project_FacialReenactmentOutputs/Actor_12/FacesOut_2021_12_26_HR_21//Actor_12_Image_0511.jpg,Actor_12_Image_0511.jpg,12
f:/Project_FacialReenactmentOutputs/Actor_12/FacesOut_2021_12_26_HR_21//Actor_12_Image_0512.jpg,Actor_12_Image_0512.jpg,12
f:/Project_FacialReenactmentOutputs/Actor_12/FacesOut_2021_12_26_HR_21//Actor_12_Image_0513.jpg,Actor_12_Image_0513.jpg,12
f:/Project_FacialReenactmentOutputs/Actor_12/FacesOut_2021_12_26_HR_21//Actor_12_Image_0514.jpg,Actor_12_Image_0514.jpg,12
f:/Project_FacialReenactmentOutputs/Actor_12/FacesOut_2021_12_26_HR_21//Actor_12_Image_0594.jpg,Actor_12_Image_0594.jpg,12
f:/Project_FacialReenactmentOutputs/Actor_12/FacesOut_2021_12_26_HR_21//Actor_12_Image_0599.jpg,Actor_12_Image_0599.jpg,12
f:/Project_FacialReenactmentOutputs/Actor_12/FacesOut_2021_12_26_HR_21//Actor_12_Image_0142.jpg,Actor_12_Image_0142.jpg,13
f:/Project_FacialReenactmentOutputs/Actor_12/FacesOut_2021_12_26_HR_21//Actor_12_Image_0238.jpg,Actor_12_Image_0238.jpg,13
f:/Project_FacialReenactmentOutputs/Actor_12/FacesOut_2021_12_26_HR_21//Actor_12_Image_0239.jpg,Actor_12_Image_0239.jpg,13
f:/Project_FacialReenactmentOutputs/Actor_12/FacesOut_2021_12_26_HR_21//Actor_12_Image_0252.jpg,Actor_12_Image_0252.jpg,13
f:/Project_FacialReenactmentOutputs/Actor_12/FacesOut_2021_12_26_HR_21//Actor_12_Image_0259.jpg,Actor_12_Image_0259.jpg,13
f:/Project_FacialReenactmentOutputs/Actor_12/FacesOut_2021_12_26_HR_21//Actor_12_Image_0463.jpg,Actor_12_Image_0463.jpg,13
f:/Project_FacialReenactmentOutputs/Actor_12/FacesOut_2021_12_26_HR_21//Actor_12_Image_0559.jpg,Actor_12_Image_0559.jpg,13
f:/Project_FacialReenactmentOutputs/Actor_12/FacesOut_2021_12_26_HR_21//Actor_12_Image_0560.jpg,Actor_12_Image_0560.jpg,13
f:/Project_FacialReenactmentOutputs/Actor_12/FacesOut_2021_12_26_HR_21//Actor_12_Image_0573.jpg,Actor_12_Image_0573.jpg,13
f:/Project_FacialReenactmentOutputs/Actor_12/FacesOut_2021_12_26_HR_21//Actor_12_Image_0580.jpg,Actor_12_Image_0580.jpg,13
f:/Project_FacialReenactmentOutputs/Actor_12/FacesOut_2021_12_26_HR_21//Actor_12_Image_0020.jpg,Actor_12_Image_0020.jpg,14
f:/Project_FacialReenactmentOutputs/Actor_12/FacesOut_2021_12_26_HR_21//Actor_12_Image_0031.jpg,Actor_12_Image_0031.jpg,14
f:/Project_FacialReenactmentOutputs/Actor_12/FacesOut_2021_12_26_HR_21//Actor_12_Image_0032.jpg,Actor_12_Image_0032.jpg,14
f:/Project_FacialReenactmentOutputs/Actor_12/FacesOut_2021_12_26_HR_21//Actor_12_Image_0042.jpg,Actor_12_Image_0042.jpg,14
f:/Project_FacialReenactmentOutputs/Actor_12/FacesOut_2021_12_26_HR_21//Actor_12_Image_0043.jpg,Actor_12_Image_0043.jpg,14
f:/Project_FacialReenactmentOutputs/Actor_12/FacesOut_2021_12_26_HR_21//Actor_12_Image_0049.jpg,Actor_12_Image_0049.jpg,14
f:/Project_FacialReenactmentOutputs/Actor_12/FacesOut_2021_12_26_HR_21//Actor_12_Image_0053.jpg,Actor_12_Image_0053.jpg,14
f:/Project_FacialReenactmentOutputs/Actor_12/FacesOut_2021_12_26_HR_21//Actor_12_Image_0054.jpg,Actor_12_Image_0054.jpg,14
f:/Project_FacialReenactmentOutputs/Actor_12/FacesOut_2021_12_26_HR_21//Actor_12_Image_0058.jpg,Actor_12_Image_0058.jpg,14
f:/Project_FacialReenactmentOutputs/Actor_12/FacesOut_2021_12_26_HR_21//Actor_12_Image_0059.jpg,Actor_12_Image_0059.jpg,14
f:/Project_FacialReenactmentOutputs/Actor_12/FacesOut_2021_12_26_HR_21//Actor_12_Image_0061.jpg,Actor_12_Image_0061.jpg,14
f:/Project_FacialReenactmentOutputs/Actor_12/FacesOut_2021_12_26_HR_21//Actor_12_Image_0062.jpg,Actor_12_Image_0062.jpg,14
f:/Project_FacialReenactmentOutputs/Actor_12/FacesOut_2021_12_26_HR_21//Actor_12_Image_0063.jpg,Actor_12_Image_0063.jpg,14
f:/Project_FacialReenactmentOutputs/Actor_12/FacesOut_2021_12_26_HR_21//Actor_12_Image_0075.jpg,Actor_12_Image_0075.jpg,14
f:/Project_FacialReenactmentOutputs/Actor_12/FacesOut_2021_12_26_HR_21//Actor_12_Image_0097.jpg,Actor_12_Image_0097.jpg,14
f:/Project_FacialReenactmentOutputs/Actor_12/FacesOut_2021_12_26_HR_21//Actor_12_Image_0098.jpg,Actor_12_Image_0098.jpg,14
f:/Project_FacialReenactmentOutputs/Actor_12/FacesOut_2021_12_26_HR_21//Actor_12_Image_0131.jpg,Actor_12_Image_0131.jpg,14
f:/Project_FacialReenactmentOutputs/Actor_12/FacesOut_2021_12_26_HR_21//Actor_12_Image_0229.jpg,Actor_12_Image_0229.jpg,14
f:/Project_FacialReenactmentOutputs/Actor_12/FacesOut_2021_12_26_HR_21//Actor_12_Image_0341.jpg,Actor_12_Image_0341.jpg,14
f:/Project_FacialReenactmentOutputs/Actor_12/FacesOut_2021_12_26_HR_21//Actor_12_Image_0352.jpg,Actor_12_Image_0352.jpg,14
f:/Project_FacialReenactmentOutputs/Actor_12/FacesOut_2021_12_26_HR_21//Actor_12_Image_0353.jpg,Actor_12_Image_0353.jpg,14
f:/Project_FacialReenactmentOutputs/Actor_12/FacesOut_2021_12_26_HR_21//Actor_12_Image_0363.jpg,Actor_12_Image_0363.jpg,14
f:/Project_FacialReenactmentOutputs/Actor_12/FacesOut_2021_12_26_HR_21//Actor_12_Image_0364.jpg,Actor_12_Image_0364.jpg,14
f:/Project_FacialReenactmentOutputs/Actor_12/FacesOut_2021_12_26_HR_21//Actor_12_Image_0370.jpg,Actor_12_Image_0370.jpg,14
f:/Project_FacialReenactmentOutputs/Actor_12/FacesOut_2021_12_26_HR_21//Actor_12_Image_0374.jpg,Actor_12_Image_0374.jpg,14
f:/Project_FacialReenactmentOutputs/Actor_12/FacesOut_2021_12_26_HR_21//Actor_12_Image_0375.jpg,Actor_12_Image_0375.jpg,14
f:/Project_FacialReenactmentOutputs/Actor_12/FacesOut_2021_12_26_HR_21//Actor_12_Image_0379.jpg,Actor_12_Image_0379.jpg,14
f:/Project_FacialReenactmentOutputs/Actor_12/FacesOut_2021_12_26_HR_21//Actor_12_Image_0380.jpg,Actor_12_Image_0380.jpg,14
f:/Project_FacialReenactmentOutputs/Actor_12/FacesOut_2021_12_26_HR_21//Actor_12_Image_0382.jpg,Actor_12_Image_0382.jpg,14
f:/Project_FacialReenactmentOutputs/Actor_12/FacesOut_2021_12_26_HR_21//Actor_12_Image_0383.jpg,Actor_12_Image_0383.jpg,14
f:/Project_FacialReenactmentOutputs/Actor_12/FacesOut_2021_12_26_HR_21//Actor_12_Image_0384.jpg,Actor_12_Image_0384.jpg,14
f:/Project_FacialReenactmentOutputs/Actor_12/FacesOut_2021_12_26_HR_21//Actor_12_Image_0396.jpg,Actor_12_Image_0396.jpg,14
f:/Project_FacialReenactmentOutputs/Actor_12/FacesOut_2021_12_26_HR_21//Actor_12_Image_0418.jpg,Actor_12_Image_0418.jpg,14
f:/Project_FacialReenactmentOutputs/Actor_12/FacesOut_2021_12_26_HR_21//Actor_12_Image_0419.jpg,Actor_12_Image_0419.jpg,14
f:/Project_FacialReenactmentOutputs/Actor_12/FacesOut_2021_12_26_HR_21//Actor_12_Image_0452.jpg,Actor_12_Image_0452.jpg,14
f:/Project_FacialReenactmentOutputs/Actor_12/FacesOut_2021_12_26_HR_21//Actor_12_Image_0550.jpg,Actor_12_Image_0550.jpg,14
f:/Project_FacialReenactmentOutputs/Actor_12/FacesOut_2021_12_26_HR_21//Actor_12_Image_0002.jpg,Actor_12_Image_0002.jpg,15
f:/Project_FacialReenactmentOutputs/Actor_12/FacesOut_2021_12_26_HR_21//Actor_12_Image_0021.jpg,Actor_12_Image_0021.jpg,15
f:/Project_FacialReenactmentOutputs/Actor_12/FacesOut_2021_12_26_HR_21//Actor_12_Image_0120.jpg,Actor_12_Image_0120.jpg,15
f:/Project_FacialReenactmentOutputs/Actor_12/FacesOut_2021_12_26_HR_21//Actor_12_Image_0121.jpg,Actor_12_Image_0121.jpg,15
f:/Project_FacialReenactmentOutputs/Actor_12/FacesOut_2021_12_26_HR_21//Actor_12_Image_0122.jpg,Actor_12_Image_0122.jpg,15
f:/Project_FacialReenactmentOutputs/Actor_12/FacesOut_2021_12_26_HR_21//Actor_12_Image_0123.jpg,Actor_12_Image_0123.jpg,15
f:/Project_FacialReenactmentOutputs/Actor_12/FacesOut_2021_12_26_HR_21//Actor_12_Image_0124.jpg,Actor_12_Image_0124.jpg,15
f:/Project_FacialReenactmentOutputs/Actor_12/FacesOut_2021_12_26_HR_21//Actor_12_Image_0125.jpg,Actor_12_Image_0125.jpg,15
f:/Project_FacialReenactmentOutputs/Actor_12/FacesOut_2021_12_26_HR_21//Actor_12_Image_0126.jpg,Actor_12_Image_0126.jpg,15
f:/Project_FacialReenactmentOutputs/Actor_12/FacesOut_2021_12_26_HR_21//Actor_12_Image_0127.jpg,Actor_12_Image_0127.jpg,15
f:/Project_FacialReenactmentOutputs/Actor_12/FacesOut_2021_12_26_HR_21//Actor_12_Image_0130.jpg,Actor_12_Image_0130.jpg,15
f:/Project_FacialReenactmentOutputs/Actor_12/FacesOut_2021_12_26_HR_21//Actor_12_Image_0139.jpg,Actor_12_Image_0139.jpg,15
f:/Project_FacialReenactmentOutputs/Actor_12/FacesOut_2021_12_26_HR_21//Actor_12_Image_0140.jpg,Actor_12_Image_0140.jpg,15
f:/Project_FacialReenactmentOutputs/Actor_12/FacesOut_2021_12_26_HR_21//Actor_12_Image_0152.jpg,Actor_12_Image_0152.jpg,15
f:/Project_FacialReenactmentOutputs/Actor_12/FacesOut_2021_12_26_HR_21//Actor_12_Image_0162.jpg,Actor_12_Image_0162.jpg,15
f:/Project_FacialReenactmentOutputs/Actor_12/FacesOut_2021_12_26_HR_21//Actor_12_Image_0163.jpg,Actor_12_Image_0163.jpg,15
f:/Project_FacialReenactmentOutputs/Actor_12/FacesOut_2021_12_26_HR_21//Actor_12_Image_0199.jpg,Actor_12_Image_0199.jpg,15
f:/Project_FacialReenactmentOutputs/Actor_12/FacesOut_2021_12_26_HR_21//Actor_12_Image_0204.jpg,Actor_12_Image_0204.jpg,15
f:/Project_FacialReenactmentOutputs/Actor_12/FacesOut_2021_12_26_HR_21//Actor_12_Image_0205.jpg,Actor_12_Image_0205.jpg,15
f:/Project_FacialReenactmentOutputs/Actor_12/FacesOut_2021_12_26_HR_21//Actor_12_Image_0214.jpg,Actor_12_Image_0214.jpg,15
f:/Project_FacialReenactmentOutputs/Actor_12/FacesOut_2021_12_26_HR_21//Actor_12_Image_0215.jpg,Actor_12_Image_0215.jpg,15
f:/Project_FacialReenactmentOutputs/Actor_12/FacesOut_2021_12_26_HR_21//Actor_12_Image_0246.jpg,Actor_12_Image_0246.jpg,15
f:/Project_FacialReenactmentOutputs/Actor_12/FacesOut_2021_12_26_HR_21//Actor_12_Image_0249.jpg,Actor_12_Image_0249.jpg,15
f:/Project_FacialReenactmentOutputs/Actor_12/FacesOut_2021_12_26_HR_21//Actor_12_Image_0250.jpg,Actor_12_Image_0250.jpg,15
f:/Project_FacialReenactmentOutputs/Actor_12/FacesOut_2021_12_26_HR_21//Actor_12_Image_0258.jpg,Actor_12_Image_0258.jpg,15
f:/Project_FacialReenactmentOutputs/Actor_12/FacesOut_2021_12_26_HR_21//Actor_12_Image_0270.jpg,Actor_12_Image_0270.jpg,15
f:/Project_FacialReenactmentOutputs/Actor_12/FacesOut_2021_12_26_HR_21//Actor_12_Image_0280.jpg,Actor_12_Image_0280.jpg,15
f:/Project_FacialReenactmentOutputs/Actor_12/FacesOut_2021_12_26_HR_21//Actor_12_Image_0290.jpg,Actor_12_Image_0290.jpg,15
f:/Project_FacialReenactmentOutputs/Actor_12/FacesOut_2021_12_26_HR_21//Actor_12_Image_0292.jpg,Actor_12_Image_0292.jpg,15
f:/Project_FacialReenactmentOutputs/Actor_12/FacesOut_2021_12_26_HR_21//Actor_12_Image_0301.jpg,Actor_12_Image_0301.jpg,15
f:/Project_FacialReenactmentOutputs/Actor_12/FacesOut_2021_12_26_HR_21//Actor_12_Image_0323.jpg,Actor_12_Image_0323.jpg,15
f:/Project_FacialReenactmentOutputs/Actor_12/FacesOut_2021_12_26_HR_21//Actor_12_Image_0342.jpg,Actor_12_Image_0342.jpg,15
f:/Project_FacialReenactmentOutputs/Actor_12/FacesOut_2021_12_26_HR_21//Actor_12_Image_0441.jpg,Actor_12_Image_0441.jpg,15
f:/Project_FacialReenactmentOutputs/Actor_12/FacesOut_2021_12_26_HR_21//Actor_12_Image_0442.jpg,Actor_12_Image_0442.jpg,15
f:/Project_FacialReenactmentOutputs/Actor_12/FacesOut_2021_12_26_HR_21//Actor_12_Image_0443.jpg,Actor_12_Image_0443.jpg,15
f:/Project_FacialReenactmentOutputs/Actor_12/FacesOut_2021_12_26_HR_21//Actor_12_Image_0444.jpg,Actor_12_Image_0444.jpg,15
f:/Project_FacialReenactmentOutputs/Actor_12/FacesOut_2021_12_26_HR_21//Actor_12_Image_0445.jpg,Actor_12_Image_0445.jpg,15
f:/Project_FacialReenactmentOutputs/Actor_12/FacesOut_2021_12_26_HR_21//Actor_12_Image_0446.jpg,Actor_12_Image_0446.jpg,15
f:/Project_FacialReenactmentOutputs/Actor_12/FacesOut_2021_12_26_HR_21//Actor_12_Image_0447.jpg,Actor_12_Image_0447.jpg,15
f:/Project_FacialReenactmentOutputs/Actor_12/FacesOut_2021_12_26_HR_21//Actor_12_Image_0448.jpg,Actor_12_Image_0448.jpg,15
f:/Project_FacialReenactmentOutputs/Actor_12/FacesOut_2021_12_26_HR_21//Actor_12_Image_0451.jpg,Actor_12_Image_0451.jpg,15
f:/Project_FacialReenactmentOutputs/Actor_12/FacesOut_2021_12_26_HR_21//Actor_12_Image_0460.jpg,Actor_12_Image_0460.jpg,15
f:/Project_FacialReenactmentOutputs/Actor_12/FacesOut_2021_12_26_HR_21//Actor_12_Image_0461.jpg,Actor_12_Image_0461.jpg,15
f:/Project_FacialReenactmentOutputs/Actor_12/FacesOut_2021_12_26_HR_21//Actor_12_Image_0473.jpg,Actor_12_Image_0473.jpg,15
f:/Project_FacialReenactmentOutputs/Actor_12/FacesOut_2021_12_26_HR_21//Actor_12_Image_0483.jpg,Actor_12_Image_0483.jpg,15
f:/Project_FacialReenactmentOutputs/Actor_12/FacesOut_2021_12_26_HR_21//Actor_12_Image_0484.jpg,Actor_12_Image_0484.jpg,15
f:/Project_FacialReenactmentOutputs/Actor_12/FacesOut_2021_12_26_HR_21//Actor_12_Image_0520.jpg,Actor_12_Image_0520.jpg,15
f:/Project_FacialReenactmentOutputs/Actor_12/FacesOut_2021_12_26_HR_21//Actor_12_Image_0525.jpg,Actor_12_Image_0525.jpg,15
f:/Project_FacialReenactmentOutputs/Actor_12/FacesOut_2021_12_26_HR_21//Actor_12_Image_0526.jpg,Actor_12_Image_0526.jpg,15
f:/Project_FacialReenactmentOutputs/Actor_12/FacesOut_2021_12_26_HR_21//Actor_12_Image_0535.jpg,Actor_12_Image_0535.jpg,15
f:/Project_FacialReenactmentOutputs/Actor_12/FacesOut_2021_12_26_HR_21//Actor_12_Image_0536.jpg,Actor_12_Image_0536.jpg,15
f:/Project_FacialReenactmentOutputs/Actor_12/FacesOut_2021_12_26_HR_21//Actor_12_Image_0567.jpg,Actor_12_Image_0567.jpg,15
f:/Project_FacialReenactmentOutputs/Actor_12/FacesOut_2021_12_26_HR_21//Actor_12_Image_0570.jpg,Actor_12_Image_0570.jpg,15
f:/Project_FacialReenactmentOutputs/Actor_12/FacesOut_2021_12_26_HR_21//Actor_12_Image_0571.jpg,Actor_12_Image_0571.jpg,15
f:/Project_FacialReenactmentOutputs/Actor_12/FacesOut_2021_12_26_HR_21//Actor_12_Image_0579.jpg,Actor_12_Image_0579.jpg,15
f:/Project_FacialReenactmentOutputs/Actor_12/FacesOut_2021_12_26_HR_21//Actor_12_Image_0591.jpg,Actor_12_Image_0591.jpg,15
f:/Project_FacialReenactmentOutputs/Actor_12/FacesOut_2021_12_26_HR_21//Actor_12_Image_0601.jpg,Actor_12_Image_0601.jpg,15
f:/Project_FacialReenactmentOutputs/Actor_12/FacesOut_2021_12_26_HR_21//Actor_12_Image_0611.jpg,Actor_12_Image_0611.jpg,15
f:/Project_FacialReenactmentOutputs/Actor_12/FacesOut_2021_12_26_HR_21//Actor_12_Image_0613.jpg,Actor_12_Image_0613.jpg,15
f:/Project_FacialReenactmentOutputs/Actor_12/FacesOut_2021_12_26_HR_21//Actor_12_Image_0622.jpg,Actor_12_Image_0622.jpg,15
f:/Project_FacialReenactmentOutputs/Actor_12/FacesOut_2021_12_26_HR_21//Actor_12_Image_0024.jpg,Actor_12_Image_0024.jpg,16
f:/Project_FacialReenactmentOutputs/Actor_12/FacesOut_2021_12_26_HR_21//Actor_12_Image_0038.jpg,Actor_12_Image_0038.jpg,16
f:/Project_FacialReenactmentOutputs/Actor_12/FacesOut_2021_12_26_HR_21//Actor_12_Image_0050.jpg,Actor_12_Image_0050.jpg,16
f:/Project_FacialReenactmentOutputs/Actor_12/FacesOut_2021_12_26_HR_21//Actor_12_Image_0060.jpg,Actor_12_Image_0060.jpg,16
f:/Project_FacialReenactmentOutputs/Actor_12/FacesOut_2021_12_26_HR_21//Actor_12_Image_0135.jpg,Actor_12_Image_0135.jpg,16
f:/Project_FacialReenactmentOutputs/Actor_12/FacesOut_2021_12_26_HR_21//Actor_12_Image_0175.jpg,Actor_12_Image_0175.jpg,16
f:/Project_FacialReenactmentOutputs/Actor_12/FacesOut_2021_12_26_HR_21//Actor_12_Image_0281.jpg,Actor_12_Image_0281.jpg,16
f:/Project_FacialReenactmentOutputs/Actor_12/FacesOut_2021_12_26_HR_21//Actor_12_Image_0285.jpg,Actor_12_Image_0285.jpg,16
f:/Project_FacialReenactmentOutputs/Actor_12/FacesOut_2021_12_26_HR_21//Actor_12_Image_0317.jpg,Actor_12_Image_0317.jpg,16
f:/Project_FacialReenactmentOutputs/Actor_12/FacesOut_2021_12_26_HR_21//Actor_12_Image_0345.jpg,Actor_12_Image_0345.jpg,16
f:/Project_FacialReenactmentOutputs/Actor_12/FacesOut_2021_12_26_HR_21//Actor_12_Image_0359.jpg,Actor_12_Image_0359.jpg,16
f:/Project_FacialReenactmentOutputs/Actor_12/FacesOut_2021_12_26_HR_21//Actor_12_Image_0371.jpg,Actor_12_Image_0371.jpg,16
f:/Project_FacialReenactmentOutputs/Actor_12/FacesOut_2021_12_26_HR_21//Actor_12_Image_0381.jpg,Actor_12_Image_0381.jpg,16
f:/Project_FacialReenactmentOutputs/Actor_12/FacesOut_2021_12_26_HR_21//Actor_12_Image_0456.jpg,Actor_12_Image_0456.jpg,16
f:/Project_FacialReenactmentOutputs/Actor_12/FacesOut_2021_12_26_HR_21//Actor_12_Image_0496.jpg,Actor_12_Image_0496.jpg,16
f:/Project_FacialReenactmentOutputs/Actor_12/FacesOut_2021_12_26_HR_21//Actor_12_Image_0602.jpg,Actor_12_Image_0602.jpg,16
f:/Project_FacialReenactmentOutputs/Actor_12/FacesOut_2021_12_26_HR_21//Actor_12_Image_0606.jpg,Actor_12_Image_0606.jpg,16
f:/Project_FacialReenactmentOutputs/Actor_12/FacesOut_2021_12_26_HR_21//Actor_12_Image_0638.jpg,Actor_12_Image_0638.jpg,16
f:/Project_FacialReenactmentOutputs/Actor_12/FacesOut_2021_12_26_HR_21//Actor_12_Image_0194.jpg,Actor_12_Image_0194.jpg,17
f:/Project_FacialReenactmentOutputs/Actor_12/FacesOut_2021_12_26_HR_21//Actor_12_Image_0195.jpg,Actor_12_Image_0195.jpg,17
f:/Project_FacialReenactmentOutputs/Actor_12/FacesOut_2021_12_26_HR_21//Actor_12_Image_0197.jpg,Actor_12_Image_0197.jpg,17
f:/Project_FacialReenactmentOutputs/Actor_12/FacesOut_2021_12_26_HR_21//Actor_12_Image_0198.jpg,Actor_12_Image_0198.jpg,17
f:/Project_FacialReenactmentOutputs/Actor_12/FacesOut_2021_12_26_HR_21//Actor_12_Image_0200.jpg,Actor_12_Image_0200.jpg,17
f:/Project_FacialReenactmentOutputs/Actor_12/FacesOut_2021_12_26_HR_21//Actor_12_Image_0209.jpg,Actor_12_Image_0209.jpg,17
f:/Project_FacialReenactmentOutputs/Actor_12/FacesOut_2021_12_26_HR_21//Actor_12_Image_0228.jpg,Actor_12_Image_0228.jpg,17
f:/Project_FacialReenactmentOutputs/Actor_12/FacesOut_2021_12_26_HR_21//Actor_12_Image_0264.jpg,Actor_12_Image_0264.jpg,17
f:/Project_FacialReenactmentOutputs/Actor_12/FacesOut_2021_12_26_HR_21//Actor_12_Image_0265.jpg,Actor_12_Image_0265.jpg,17
f:/Project_FacialReenactmentOutputs/Actor_12/FacesOut_2021_12_26_HR_21//Actor_12_Image_0266.jpg,Actor_12_Image_0266.jpg,17
f:/Project_FacialReenactmentOutputs/Actor_12/FacesOut_2021_12_26_HR_21//Actor_12_Image_0268.jpg,Actor_12_Image_0268.jpg,17
f:/Project_FacialReenactmentOutputs/Actor_12/FacesOut_2021_12_26_HR_21//Actor_12_Image_0269.jpg,Actor_12_Image_0269.jpg,17
f:/Project_FacialReenactmentOutputs/Actor_12/FacesOut_2021_12_26_HR_21//Actor_12_Image_0272.jpg,Actor_12_Image_0272.jpg,17
f:/Project_FacialReenactmentOutputs/Actor_12/FacesOut_2021_12_26_HR_21//Actor_12_Image_0274.jpg,Actor_12_Image_0274.jpg,17
f:/Project_FacialReenactmentOutputs/Actor_12/FacesOut_2021_12_26_HR_21//Actor_12_Image_0275.jpg,Actor_12_Image_0275.jpg,17
f:/Project_FacialReenactmentOutputs/Actor_12/FacesOut_2021_12_26_HR_21//Actor_12_Image_0276.jpg,Actor_12_Image_0276.jpg,17
f:/Project_FacialReenactmentOutputs/Actor_12/FacesOut_2021_12_26_HR_21//Actor_12_Image_0277.jpg,Actor_12_Image_0277.jpg,17
f:/Project_FacialReenactmentOutputs/Actor_12/FacesOut_2021_12_26_HR_21//Actor_12_Image_0515.jpg,Actor_12_Image_0515.jpg,17
f:/Project_FacialReenactmentOutputs/Actor_12/FacesOut_2021_12_26_HR_21//Actor_12_Image_0516.jpg,Actor_12_Image_0516.jpg,17
f:/Project_FacialReenactmentOutputs/Actor_12/FacesOut_2021_12_26_HR_21//Actor_12_Image_0518.jpg,Actor_12_Image_0518.jpg,17
f:/Project_FacialReenactmentOutputs/Actor_12/FacesOut_2021_12_26_HR_21//Actor_12_Image_0519.jpg,Actor_12_Image_0519.jpg,17
f:/Project_FacialReenactmentOutputs/Actor_12/FacesOut_2021_12_26_HR_21//Actor_12_Image_0521.jpg,Actor_12_Image_0521.jpg,17
f:/Project_FacialReenactmentOutputs/Actor_12/FacesOut_2021_12_26_HR_21//Actor_12_Image_0530.jpg,Actor_12_Image_0530.jpg,17
f:/Project_FacialReenactmentOutputs/Actor_12/FacesOut_2021_12_26_HR_21//Actor_12_Image_0549.jpg,Actor_12_Image_0549.jpg,17
f:/Project_FacialReenactmentOutputs/Actor_12/FacesOut_2021_12_26_HR_21//Actor_12_Image_0585.jpg,Actor_12_Image_0585.jpg,17
f:/Project_FacialReenactmentOutputs/Actor_12/FacesOut_2021_12_26_HR_21//Actor_12_Image_0586.jpg,Actor_12_Image_0586.jpg,17
f:/Project_FacialReenactmentOutputs/Actor_12/FacesOut_2021_12_26_HR_21//Actor_12_Image_0587.jpg,Actor_12_Image_0587.jpg,17
f:/Project_FacialReenactmentOutputs/Actor_12/FacesOut_2021_12_26_HR_21//Actor_12_Image_0589.jpg,Actor_12_Image_0589.jpg,17
f:/Project_FacialReenactmentOutputs/Actor_12/FacesOut_2021_12_26_HR_21//Actor_12_Image_0590.jpg,Actor_12_Image_0590.jpg,17
f:/Project_FacialReenactmentOutputs/Actor_12/FacesOut_2021_12_26_HR_21//Actor_12_Image_0593.jpg,Actor_12_Image_0593.jpg,17
f:/Project_FacialReenactmentOutputs/Actor_12/FacesOut_2021_12_26_HR_21//Actor_12_Image_0595.jpg,Actor_12_Image_0595.jpg,17
f:/Project_FacialReenactmentOutputs/Actor_12/FacesOut_2021_12_26_HR_21//Actor_12_Image_0596.jpg,Actor_12_Image_0596.jpg,17
f:/Project_FacialReenactmentOutputs/Actor_12/FacesOut_2021_12_26_HR_21//Actor_12_Image_0597.jpg,Actor_12_Image_0597.jpg,17
f:/Project_FacialReenactmentOutputs/Actor_12/FacesOut_2021_12_26_HR_21//Actor_12_Image_0598.jpg,Actor_12_Image_0598.jpg,17
f:/Project_FacialReenactmentOutputs/Actor_12/FacesOut_2021_12_26_HR_21//Actor_12_Image_0003.jpg,Actor_12_Image_0003.jpg,18
f:/Project_FacialReenactmentOutputs/Actor_12/FacesOut_2021_12_26_HR_21//Actor_12_Image_0004.jpg,Actor_12_Image_0004.jpg,18
f:/Project_FacialReenactmentOutputs/Actor_12/FacesOut_2021_12_26_HR_21//Actor_12_Image_0006.jpg,Actor_12_Image_0006.jpg,18
f:/Project_FacialReenactmentOutputs/Actor_12/FacesOut_2021_12_26_HR_21//Actor_12_Image_0010.jpg,Actor_12_Image_0010.jpg,18
f:/Project_FacialReenactmentOutputs/Actor_12/FacesOut_2021_12_26_HR_21//Actor_12_Image_0011.jpg,Actor_12_Image_0011.jpg,18
f:/Project_FacialReenactmentOutputs/Actor_12/FacesOut_2021_12_26_HR_21//Actor_12_Image_0012.jpg,Actor_12_Image_0012.jpg,18
f:/Project_FacialReenactmentOutputs/Actor_12/FacesOut_2021_12_26_HR_21//Actor_12_Image_0013.jpg,Actor_12_Image_0013.jpg,18
f:/Project_FacialReenactmentOutputs/Actor_12/FacesOut_2021_12_26_HR_21//Actor_12_Image_0014.jpg,Actor_12_Image_0014.jpg,18
f:/Project_FacialReenactmentOutputs/Actor_12/FacesOut_2021_12_26_HR_21//Actor_12_Image_0015.jpg,Actor_12_Image_0015.jpg,18
f:/Project_FacialReenactmentOutputs/Actor_12/FacesOut_2021_12_26_HR_21//Actor_12_Image_0016.jpg,Actor_12_Image_0016.jpg,18
f:/Project_FacialReenactmentOutputs/Actor_12/FacesOut_2021_12_26_HR_21//Actor_12_Image_0153.jpg,Actor_12_Image_0153.jpg,18
f:/Project_FacialReenactmentOutputs/Actor_12/FacesOut_2021_12_26_HR_21//Actor_12_Image_0154.jpg,Actor_12_Image_0154.jpg,18
f:/Project_FacialReenactmentOutputs/Actor_12/FacesOut_2021_12_26_HR_21//Actor_12_Image_0155.jpg,Actor_12_Image_0155.jpg,18
f:/Project_FacialReenactmentOutputs/Actor_12/FacesOut_2021_12_26_HR_21//Actor_12_Image_0158.jpg,Actor_12_Image_0158.jpg,18
f:/Project_FacialReenactmentOutputs/Actor_12/FacesOut_2021_12_26_HR_21//Actor_12_Image_0176.jpg,Actor_12_Image_0176.jpg,18
f:/Project_FacialReenactmentOutputs/Actor_12/FacesOut_2021_12_26_HR_21//Actor_12_Image_0177.jpg,Actor_12_Image_0177.jpg,18
f:/Project_FacialReenactmentOutputs/Actor_12/FacesOut_2021_12_26_HR_21//Actor_12_Image_0186.jpg,Actor_12_Image_0186.jpg,18
f:/Project_FacialReenactmentOutputs/Actor_12/FacesOut_2021_12_26_HR_21//Actor_12_Image_0189.jpg,Actor_12_Image_0189.jpg,18
f:/Project_FacialReenactmentOutputs/Actor_12/FacesOut_2021_12_26_HR_21//Actor_12_Image_0260.jpg,Actor_12_Image_0260.jpg,18
f:/Project_FacialReenactmentOutputs/Actor_12/FacesOut_2021_12_26_HR_21//Actor_12_Image_0293.jpg,Actor_12_Image_0293.jpg,18
f:/Project_FacialReenactmentOutputs/Actor_12/FacesOut_2021_12_26_HR_21//Actor_12_Image_0295.jpg,Actor_12_Image_0295.jpg,18
f:/Project_FacialReenactmentOutputs/Actor_12/FacesOut_2021_12_26_HR_21//Actor_12_Image_0304.jpg,Actor_12_Image_0304.jpg,18
f:/Project_FacialReenactmentOutputs/Actor_12/FacesOut_2021_12_26_HR_21//Actor_12_Image_0312.jpg,Actor_12_Image_0312.jpg,18
f:/Project_FacialReenactmentOutputs/Actor_12/FacesOut_2021_12_26_HR_21//Actor_12_Image_0316.jpg,Actor_12_Image_0316.jpg,18
f:/Project_FacialReenactmentOutputs/Actor_12/FacesOut_2021_12_26_HR_21//Actor_12_Image_0324.jpg,Actor_12_Image_0324.jpg,18
f:/Project_FacialReenactmentOutputs/Actor_12/FacesOut_2021_12_26_HR_21//Actor_12_Image_0325.jpg,Actor_12_Image_0325.jpg,18
f:/Project_FacialReenactmentOutputs/Actor_12/FacesOut_2021_12_26_HR_21//Actor_12_Image_0327.jpg,Actor_12_Image_0327.jpg,18
f:/Project_FacialReenactmentOutputs/Actor_12/FacesOut_2021_12_26_HR_21//Actor_12_Image_0331.jpg,Actor_12_Image_0331.jpg,18
f:/Project_FacialReenactmentOutputs/Actor_12/FacesOut_2021_12_26_HR_21//Actor_12_Image_0332.jpg,Actor_12_Image_0332.jpg,18
f:/Project_FacialReenactmentOutputs/Actor_12/FacesOut_2021_12_26_HR_21//Actor_12_Image_0333.jpg,Actor_12_Image_0333.jpg,18
f:/Project_FacialReenactmentOutputs/Actor_12/FacesOut_2021_12_26_HR_21//Actor_12_Image_0334.jpg,Actor_12_Image_0334.jpg,18
f:/Project_FacialReenactmentOutputs/Actor_12/FacesOut_2021_12_26_HR_21//Actor_12_Image_0335.jpg,Actor_12_Image_0335.jpg,18
f:/Project_FacialReenactmentOutputs/Actor_12/FacesOut_2021_12_26_HR_21//Actor_12_Image_0336.jpg,Actor_12_Image_0336.jpg,18
f:/Project_FacialReenactmentOutputs/Actor_12/FacesOut_2021_12_26_HR_21//Actor_12_Image_0337.jpg,Actor_12_Image_0337.jpg,18
f:/Project_FacialReenactmentOutputs/Actor_12/FacesOut_2021_12_26_HR_21//Actor_12_Image_0474.jpg,Actor_12_Image_0474.jpg,18
f:/Project_FacialReenactmentOutputs/Actor_12/FacesOut_2021_12_26_HR_21//Actor_12_Image_0475.jpg,Actor_12_Image_0475.jpg,18
f:/Project_FacialReenactmentOutputs/Actor_12/FacesOut_2021_12_26_HR_21//Actor_12_Image_0476.jpg,Actor_12_Image_0476.jpg,18
f:/Project_FacialReenactmentOutputs/Actor_12/FacesOut_2021_12_26_HR_21//Actor_12_Image_0479.jpg,Actor_12_Image_0479.jpg,18
f:/Project_FacialReenactmentOutputs/Actor_12/FacesOut_2021_12_26_HR_21//Actor_12_Image_0497.jpg,Actor_12_Image_0497.jpg,18
f:/Project_FacialReenactmentOutputs/Actor_12/FacesOut_2021_12_26_HR_21//Actor_12_Image_0498.jpg,Actor_12_Image_0498.jpg,18
f:/Project_FacialReenactmentOutputs/Actor_12/FacesOut_2021_12_26_HR_21//Actor_12_Image_0507.jpg,Actor_12_Image_0507.jpg,18
f:/Project_FacialReenactmentOutputs/Actor_12/FacesOut_2021_12_26_HR_21//Actor_12_Image_0510.jpg,Actor_12_Image_0510.jpg,18
f:/Project_FacialReenactmentOutputs/Actor_12/FacesOut_2021_12_26_HR_21//Actor_12_Image_0581.jpg,Actor_12_Image_0581.jpg,18
f:/Project_FacialReenactmentOutputs/Actor_12/FacesOut_2021_12_26_HR_21//Actor_12_Image_0614.jpg,Actor_12_Image_0614.jpg,18
f:/Project_FacialReenactmentOutputs/Actor_12/FacesOut_2021_12_26_HR_21//Actor_12_Image_0616.jpg,Actor_12_Image_0616.jpg,18
f:/Project_FacialReenactmentOutputs/Actor_12/FacesOut_2021_12_26_HR_21//Actor_12_Image_0625.jpg,Actor_12_Image_0625.jpg,18
f:/Project_FacialReenactmentOutputs/Actor_12/FacesOut_2021_12_26_HR_21//Actor_12_Image_0633.jpg,Actor_12_Image_0633.jpg,18
f:/Project_FacialReenactmentOutputs/Actor_12/FacesOut_2021_12_26_HR_21//Actor_12_Image_0637.jpg,Actor_12_Image_0637.jpg,18
f:/Project_FacialReenactmentOutputs/Actor_12/FacesOut_2021_12_26_HR_21//Actor_12_Image_0001.jpg,Actor_12_Image_0001.jpg,19
f:/Project_FacialReenactmentOutputs/Actor_12/FacesOut_2021_12_26_HR_21//Actor_12_Image_0005.jpg,Actor_12_Image_0005.jpg,19
f:/Project_FacialReenactmentOutputs/Actor_12/FacesOut_2021_12_26_HR_21//Actor_12_Image_0007.jpg,Actor_12_Image_0007.jpg,19
f:/Project_FacialReenactmentOutputs/Actor_12/FacesOut_2021_12_26_HR_21//Actor_12_Image_0008.jpg,Actor_12_Image_0008.jpg,19
f:/Project_FacialReenactmentOutputs/Actor_12/FacesOut_2021_12_26_HR_21//Actor_12_Image_0009.jpg,Actor_12_Image_0009.jpg,19
f:/Project_FacialReenactmentOutputs/Actor_12/FacesOut_2021_12_26_HR_21//Actor_12_Image_0017.jpg,Actor_12_Image_0017.jpg,19
f:/Project_FacialReenactmentOutputs/Actor_12/FacesOut_2021_12_26_HR_21//Actor_12_Image_0018.jpg,Actor_12_Image_0018.jpg,19
f:/Project_FacialReenactmentOutputs/Actor_12/FacesOut_2021_12_26_HR_21//Actor_12_Image_0019.jpg,Actor_12_Image_0019.jpg,19
f:/Project_FacialReenactmentOutputs/Actor_12/FacesOut_2021_12_26_HR_21//Actor_12_Image_0025.jpg,Actor_12_Image_0025.jpg,19
f:/Project_FacialReenactmentOutputs/Actor_12/FacesOut_2021_12_26_HR_21//Actor_12_Image_0026.jpg,Actor_12_Image_0026.jpg,19
f:/Project_FacialReenactmentOutputs/Actor_12/FacesOut_2021_12_26_HR_21//Actor_12_Image_0040.jpg,Actor_12_Image_0040.jpg,19
f:/Project_FacialReenactmentOutputs/Actor_12/FacesOut_2021_12_26_HR_21//Actor_12_Image_0041.jpg,Actor_12_Image_0041.jpg,19
f:/Project_FacialReenactmentOutputs/Actor_12/FacesOut_2021_12_26_HR_21//Actor_12_Image_0051.jpg,Actor_12_Image_0051.jpg,19
f:/Project_FacialReenactmentOutputs/Actor_12/FacesOut_2021_12_26_HR_21//Actor_12_Image_0052.jpg,Actor_12_Image_0052.jpg,19
f:/Project_FacialReenactmentOutputs/Actor_12/FacesOut_2021_12_26_HR_21//Actor_12_Image_0085.jpg,Actor_12_Image_0085.jpg,19
f:/Project_FacialReenactmentOutputs/Actor_12/FacesOut_2021_12_26_HR_21//Actor_12_Image_0086.jpg,Actor_12_Image_0086.jpg,19
f:/Project_FacialReenactmentOutputs/Actor_12/FacesOut_2021_12_26_HR_21//Actor_12_Image_0087.jpg,Actor_12_Image_0087.jpg,19
f:/Project_FacialReenactmentOutputs/Actor_12/FacesOut_2021_12_26_HR_21//Actor_12_Image_0284.jpg,Actor_12_Image_0284.jpg,19
f:/Project_FacialReenactmentOutputs/Actor_12/FacesOut_2021_12_26_HR_21//Actor_12_Image_0286.jpg,Actor_12_Image_0286.jpg,19
f:/Project_FacialReenactmentOutputs/Actor_12/FacesOut_2021_12_26_HR_21//Actor_12_Image_0287.jpg,Actor_12_Image_0287.jpg,19
f:/Project_FacialReenactmentOutputs/Actor_12/FacesOut_2021_12_26_HR_21//Actor_12_Image_0288.jpg,Actor_12_Image_0288.jpg,19
f:/Project_FacialReenactmentOutputs/Actor_12/FacesOut_2021_12_26_HR_21//Actor_12_Image_0294.jpg,Actor_12_Image_0294.jpg,19
f:/Project_FacialReenactmentOutputs/Actor_12/FacesOut_2021_12_26_HR_21//Actor_12_Image_0313.jpg,Actor_12_Image_0313.jpg,19
f:/Project_FacialReenactmentOutputs/Actor_12/FacesOut_2021_12_26_HR_21//Actor_12_Image_0318.jpg,Actor_12_Image_0318.jpg,19
f:/Project_FacialReenactmentOutputs/Actor_12/FacesOut_2021_12_26_HR_21//Actor_12_Image_0319.jpg,Actor_12_Image_0319.jpg,19
f:/Project_FacialReenactmentOutputs/Actor_12/FacesOut_2021_12_26_HR_21//Actor_12_Image_0320.jpg,Actor_12_Image_0320.jpg,19
f:/Project_FacialReenactmentOutputs/Actor_12/FacesOut_2021_12_26_HR_21//Actor_12_Image_0322.jpg,Actor_12_Image_0322.jpg,19
f:/Project_FacialReenactmentOutputs/Actor_12/FacesOut_2021_12_26_HR_21//Actor_12_Image_0326.jpg,Actor_12_Image_0326.jpg,19
f:/Project_FacialReenactmentOutputs/Actor_12/FacesOut_2021_12_26_HR_21//Actor_12_Image_0328.jpg,Actor_12_Image_0328.jpg,19
f:/Project_FacialReenactmentOutputs/Actor_12/FacesOut_2021_12_26_HR_21//Actor_12_Image_0329.jpg,Actor_12_Image_0329.jpg,19
f:/Project_FacialReenactmentOutputs/Actor_12/FacesOut_2021_12_26_HR_21//Actor_12_Image_0330.jpg,Actor_12_Image_0330.jpg,19
f:/Project_FacialReenactmentOutputs/Actor_12/FacesOut_2021_12_26_HR_21//Actor_12_Image_0338.jpg,Actor_12_Image_0338.jpg,19
f:/Project_FacialReenactmentOutputs/Actor_12/FacesOut_2021_12_26_HR_21//Actor_12_Image_0339.jpg,Actor_12_Image_0339.jpg,19
f:/Project_FacialReenactmentOutputs/Actor_12/FacesOut_2021_12_26_HR_21//Actor_12_Image_0340.jpg,Actor_12_Image_0340.jpg,19
f:/Project_FacialReenactmentOutputs/Actor_12/FacesOut_2021_12_26_HR_21//Actor_12_Image_0346.jpg,Actor_12_Image_0346.jpg,19
f:/Project_FacialReenactmentOutputs/Actor_12/FacesOut_2021_12_26_HR_21//Actor_12_Image_0347.jpg,Actor_12_Image_0347.jpg,19
f:/Project_FacialReenactmentOutputs/Actor_12/FacesOut_2021_12_26_HR_21//Actor_12_Image_0361.jpg,Actor_12_Image_0361.jpg,19
f:/Project_FacialReenactmentOutputs/Actor_12/FacesOut_2021_12_26_HR_21//Actor_12_Image_0362.jpg,Actor_12_Image_0362.jpg,19
f:/Project_FacialReenactmentOutputs/Actor_12/FacesOut_2021_12_26_HR_21//Actor_12_Image_0372.jpg,Actor_12_Image_0372.jpg,19
f:/Project_FacialReenactmentOutputs/Actor_12/FacesOut_2021_12_26_HR_21//Actor_12_Image_0373.jpg,Actor_12_Image_0373.jpg,19
f:/Project_FacialReenactmentOutputs/Actor_12/FacesOut_2021_12_26_HR_21//Actor_12_Image_0406.jpg,Actor_12_Image_0406.jpg,19
f:/Project_FacialReenactmentOutputs/Actor_12/FacesOut_2021_12_26_HR_21//Actor_12_Image_0407.jpg,Actor_12_Image_0407.jpg,19
f:/Project_FacialReenactmentOutputs/Actor_12/FacesOut_2021_12_26_HR_21//Actor_12_Image_0408.jpg,Actor_12_Image_0408.jpg,19
f:/Project_FacialReenactmentOutputs/Actor_12/FacesOut_2021_12_26_HR_21//Actor_12_Image_0605.jpg,Actor_12_Image_0605.jpg,19
f:/Project_FacialReenactmentOutputs/Actor_12/FacesOut_2021_12_26_HR_21//Actor_12_Image_0607.jpg,Actor_12_Image_0607.jpg,19
f:/Project_FacialReenactmentOutputs/Actor_12/FacesOut_2021_12_26_HR_21//Actor_12_Image_0608.jpg,Actor_12_Image_0608.jpg,19
f:/Project_FacialReenactmentOutputs/Actor_12/FacesOut_2021_12_26_HR_21//Actor_12_Image_0609.jpg,Actor_12_Image_0609.jpg,19
f:/Project_FacialReenactmentOutputs/Actor_12/FacesOut_2021_12_26_HR_21//Actor_12_Image_0615.jpg,Actor_12_Image_0615.jpg,19
f:/Project_FacialReenactmentOutputs/Actor_12/FacesOut_2021_12_26_HR_21//Actor_12_Image_0634.jpg,Actor_12_Image_0634.jpg,19
f:/Project_FacialReenactmentOutputs/Actor_12/FacesOut_2021_12_26_HR_21//Actor_12_Image_0639.jpg,Actor_12_Image_0639.jpg,19
f:/Project_FacialReenactmentOutputs/Actor_12/FacesOut_2021_12_26_HR_21//Actor_12_Image_0640.jpg,Actor_12_Image_0640.jpg,19
